id,class,text
1,yes,Votaram no PEZAO Agora tomem no CZAO
2,no,cuidado com a poupanca pessoal Lembram o que aconteceu na epoca do Collor ne
3,no,Sabe o que eu acho engracado os nossos governantes  nao pensam em cortar regalias e beneficios desnecessarios que os favorecem porque sera ne e mais do que claro ate mesmo para quem nao quer enxergar eles sao estao la para defender seus proprios interesses  e os dos empresario o no casso eles tambem ou comecamos a tomar uma atitude para mudar de uma vez por todas essa roubalheira nesse pais o a tendencia e so piorar para o povo porque dinheiro para investimentos nao tem mais para aumentos de salario e regalias nao falta
4,no,Podiam retirar dos lucros dos bancos 
5,no,CADE O GALVAO PRA NARRAR AGORA   FALIIIIUUUUUUU FALIIIUUUUUUU FALIIUUUUUUU  
6,no,Nao e possivel que deputados tenham tantos cargos comissionados ao seu dispor E esse tipo de coisa que precisa ser cortado
7,no,Sejam honestos aprovem o projeto original vamos acabar com esta farra no Brasil
8,no,Nao a pizza anunciada de anistia do caixa  Sim a divulgacao da lista da Odebrecht
9,no,quem ja viu bandidos fazendo leis contra anticorrupcao 
10,no,Olha os caras fazendo algo de util e de interesse publico
11,no,Mas ai o MBL mobiliza o povo e vai pras ruas  ironia
12,no,Enquanto isso o teori segura a bronca no stf
13,no,AVANTE  MEDIDAS o Brasil clama por elas pra cima dos corruptos Cadeia neles
14,no,Havia previsao entrar em plenario no comeco de novembro   E preciso aprovar o projeto de lei  medidas anti corrupcao com mais de dois milhoes de assinaturas   E necessario tambem preservar o conteudo original do projeto  
15,no,baguncado do jeito que esta daqui ha pouco vai ter juiz de primeira instancia mandando grampear ministro do stf se e que ja nao esta acontecendo e depois vai dizer que a prova foi colhida de boa fe a lei da magistratura resquicio da monarquia tambem precisa ser revogada
16,no,Politicos jamais aprovam leis que prejudicam eles direta ou indiretamente esta PEC e um desdobro pela crise que o Brasil esta devido as dezenas e centenas de bilhoes de reais desviados todos os anos pelo Brasil muito dinheiro meu amigo que faz  a diferenca
17,no,Limitar por   ou  anos o salario de politico e a mesma coisa que nada Isso nem faz cocegas para eles pois mesmo que ganhassem o triplo do que ganham nao teriam  por cento do patrimonio e luxo que ostentam
18,no,o problema nem sao os salarios  O PROBLEMA sao as verbas eventuais  desembargador recebendo  MIL  e a justica e cega tem cara pedindo vista nao ta enxergando nadaou se faz de cego ne STF 
19,no, para o Judiciario Acreditam mesmo neste indice 
20,no,Quem gera a riqueza de uma nacao e o trabalhador Politicos e funcionarios publicos nao geram riqueza eles se utilizam dela E no caso do Brasil roubam mesmo E podem inventar medidas que se nao parar a corrupcao o pais nao mudara nada So vai piorar
21,no,pois aquela novinha para receber alguem  sabe qual e o salario dela aivamos mandar cortar ela
22,no,Renato voce tem toda a razao temos de acabar e com aquele desgoverno passado tipo populista que ao inves de ensinar a pescar quer dar o peixe e com isso se perpetuar no poder a qualquer custo
23,no,Nossa que coisa relevante a mulher dele e voluntaria
24,no,Diminua seu salario tbm presidente Coloque um teto no salario de todos os politicos Estabeleca que o aumento dos seus salarios acompanhem o aumento do salario minimo 
25,no,nao esqueca da justica tb juizes desembargadores etc etc
26,yes,Voces sao idiotas ou se fazem Voces sabem que ele e do executivo e quer que interfira nos outros poderes Esses salarios sao vinculados a texto constitucional se informem mais nao que ele seja santo mas pra nao passarem vergonha de falar coisa que nao sabem
27,no,Falei alguma mentira
28,no,voce falou tudo
29,no,Resumiu bem a opera
30,no,Nunca vi tanta hipocrisia numa pessoa so Tentando cortar gastos com necessidades basicas da populacao e concedendo aumentos absurdos as classes que apoiaram o golpe Sabemos bem que carne ele esta cortando
31,no,Os Ricos continuam ricos e os pobres continuam pobres retiraram foi a dignidade delesisso sim
32,yes,Alexandre Acioni vai estudar pra saber o que e comunista Essas medidas do Temer sao pior que comunismo voce e mais um pobre metido a besta que fica repetindo mazelas igual a um papagaio de repeticao
33,no,Porque nao corta os gastos dos politicos
34,no,Saude educacao emprego e seguranca nao existe mais neste pais lamentavel
35,no,Sem a Pec o dinheiro tera que sair de algum lugar  ou seja novos imposto e aumento dos ja existentes O problema da educacao  saude e seguranca e a corrupcao se isso resolver vai sobrar dinheiro para essas areas 
36,no,fim da isencao de impostos para todas as igrejaschega desta bagunca
37,no,Vai taxar dinheiro de doacoes Coitados dos mendigos
38,no,Unico corte verdadeiramente na carne e acabando com o excesso de beneficios e diminuindo o salario dos politicos Ahh claro diminuir a quantidade deles tambem e bem vindo
39,no,Deveriam mas isso nao sou quem vai saber te responder pergunta la na PF
40,no,enquanto um presidente nao tiver coragem de propor acabar com TODAS as regalias e beneficios dos deputados e senadores  para mim ele continuara a ser um presidente qualquer Caso fosse  candidato reeleicao nao teria o meu voto
41,no,Paulo Bertazzi  o que voce quer e uma ditadura de novo
42,no,Sr presidente o Brasil esta ao seu lado que venham as reformas chega de mimimi e vamos trabalhar
43,yes,Mais um pobre metido a besta ja ja fica sem dinheiro e vai sentir falta dos bons tempos
44,no,Bons tempos O Brasil TEVE bons tempos Entao me lembra ai por que eu nao lembro nao HAHAHA
45,no,Sabe o que e engracado e que SIM O POVO VAI PAGAR O PATO RECHEADO E BEM GORDO
46,no,pra que ele iria fazer isso kkk pra que um politico iria ser contra politicos receberem muito
47,yes,Martin Sales deixa de ser idiot  agora ninguem pode discordar do temer que e mortadela so nesse pais mesmo que pobre metido a besta defende a direita
48,no,Viva a lava jato que venha as delacoes politicos corruptos cana 
49,no,Bernardo Cabas   Os deputados federais ja estao se movimentando para anistiarem o caixa dois que existe ate os dias de hoje So querem condenacoes daqui por diante Estao quebrando a espinha dorsal da lava a jato que e a delacao premiada
50,no,Repatriacao do dinheiro dos  parentes laranjas
51,no,Cortar a propria carne   Estou vendo so  o ze povinho se ferrar Cortar na carne e diminuir o inchaco da maquina publica  e diminuir o ganho dos politicos 
52,no,Que carne  Ele nao recebe salario minimo ja e aposentado nao precisa do SUS e muito menos de educacao publica a unica carne que ele esta cortando e da pobre quando politicos e ricos serao atingindos 
53,no,Sem reforma tributaria e a do mercado da divida NUNCA cortarao da carne Juros da Divida publica levam cerca de quarenta e tres por cento do orcamento Os gastos primarios nao chegam a  por cento A PEC nao vai resolver nada
54,no,Perfeito Marcio Lembrando que muitos politicos sao donossocios de empresas de plano de saude escolasfaculdadesuniversidades particulares preciso desenhar
55,no,O Brasil esta em crise Precisamos adotar cortes de gastos na populacao e aumentos de salarios para juizes edeputados E tao simples de entender isso 
56,no,verdade vamos ser compreensivos 
57,no,Rodrigo realmente e muito facil de compreender isso Eu compreendi que foi um golpe de mestre Ah ah ah
58,no,O pais e rico mas com tanta roubalheira atraves dos seculos acaba quebrando de vez E essas medidas e para arrochar mais ainda o trabalhador E nao se enganem nao e so um partido que rouba
59,no,Cortar na propria carne e reduzir o no de Deputados Federais e Senadores e seus gabinetes com aa consequente reducao de mordomias
60,no,este  Temer fala em cortar a propria carne entao porque nao comeca cortando os aumentos q ele sancionou dos ministros e deputados e assim ele ja pode ver um melhor desempenho mas nao prefere tirar da gente do q deles mesmos  
61,yes,nem sou mas esse cara e um velho asqueroso
62,no,A populacao esta tao  manipulada que so entendem dois lados  quando nao devemos ter lado nenhum Devemos lutar contra todos os que se locupletam com o nosso dinheiro  seja de que partido for
63,no,Nao e verdade O governo tem milhoes de funcionarios publicos sobrando e nao corta Todo mundo sabe disso Estao cortando na nossa carne e nao na carne dos vermes Ja chega fora Temer 
64,no,Caro Presidente Temer quando o Sr falar em cortar na propria carne por favor comece pelas mordomias dos Srs inclusive a aposentadoria do Sr previdencia diferenciada para politicos e o primeiro item a ser observado e nao a do empacotador do mercado da esquina nao zombe da minha inteligencia por gentileza   
65,no,Vamos cortar os gastos publicos Vamos cortar todos os funcionarios de confianca indicados por politicos Vamos cortar todos os funcionarios de alto escalao indicados pelo governo sem concurso publicos e sem capacitacao tecnica adequada Vamos cortar a quantidade de politicos
66,no,O FMI ja afirmou que entre  paises  incluindo potencias economicas  as medidas adotadas no Brasil sao as DURAS e INFLEXIVEIS Alguem ja leu quem defende e quem e contra ISSO E UM ASSUNTO MUITO SERIO E QUE VAI MEXER COM A VIDA DE TODOS
67,yes,A FMI nao manda nas economia mundiais Que vao a mer rda
68,no,Especialistas afirmam que a PEC nao e boa e a principal razao e porque ela nao ataca o problema real do rombo no nosso orcamento PAGAMENTO DE JUROS DE UMA DIVIDA QUE NAO E AUDITADA Foge da logica pagar juros de uma divida que mesmo com arrecadacao maior so cresce
69,no,TODO ESPECIALISTA TEM QUE MENTIR PRA SE DAR BEM
70,no,SAO QUASE  SO PARA PAGAR JUROS DA  DIVIDA Uma vez que a reforma tributaria e PRINCIPALMENTE A REFORMA DO SISTEMA DA DIVIDA PUBLICA ninguem  se mexe para fazer  ja que contraria os poderosos que emprestam dinheiro ao Brasil alguns ligados ao FMI inclusive  mais facil por a culpa no trabalhador e nos programas sociais que nao representam  da fatia do orcamento
71,no,Por que nao implantar o imposto sobre grandes fortunas Por que NUNCA se audita a divida que de forma ilogica so aumenta apesar do aumento da arrecadacao
72,no,Nao existe especialista em economia apenas aquilo que funciona Aumentar gastos publicos e exigir da sociedade mais impostos para cobrir os gastos de governo incompetente sao DURAS e INFLEXIVEIS Nao podem simplesmente querer aumentar impostos porque nao tem dinheiro pra eles gastar A sociedade tambem precisa de dinheiro pra estimular a economia A sociedade nao consegue pagar mais impostos entao nao podem aumentar os gastos
73,no,Marcio Oliveira o governo devia acabar com privilegios do STF   Congresso camara dos deputados do CNJ ou seja do judiciario em geral e principalmente dos autos escalao do governo isso seria uma boa medida tira das costas do trabalhador e uma imoralidade 
74,no,Paulo Henrique eu nao sou de esquerda Nao se trata de ideologia partidaria As pessoas precisam procurar fontes seguras e antagonicas sobre o assunto antes de usar uma logica de      sem olhar para o problema de forma macro
75,no,Alem de traira hilariona propria carne  KKKKKkkkkkkk
76,no,A unica carne q esta cortando e a oferecida nos JANTARESFILE MIGNON
77,no,FORA TEMER  ABAIXO A REDEGLOBODECORRUPCAO 
78,no,TEM QUE CONGELAR E O SALARIO DOS POLITICOS POIS  SAO NEFASTOS  PARA A NACAO
79,no,Eu quero ver os batedores de panela e piscadores de luz de varanda Quero ver bem a cara deles
80,no,Irao sentir na propria carne quando estiverem no inferno pagando pelo que estao fazendo
81,no,Nunca houve um presidente que gastasse tanto melhor comecar pelas proprias contas
82,no,Deviam perguntar a ele sobre os cartoes corporativos  que em  meses gastaram  milhoes muitos mais do que o outro governo em  meses  deveriam zeras estes cartoes 
83,no,A PEC corta a carne do povo porque a dos politicos estao intactas os salarios deles aumentam regalias continuam desvios de dinheiro tambem continuam enquanto a lava jato nao detectar eles e por ai vai bem vindo ao Brasil e politicos farinha do mesmo saco onde todas as eleicoes o povo procuram eles para vender o voto e os politicos nao fazer o voto ficar optativo pois prejudicaria eles no que tange a se elegerem comprando votos e manipulando o povo sempre burro sem educacao saude e tudo que temos direito
84,yes,PAULO VOCE E BURRO
85,yes,VAO BATE PANELASSEUS BURROSBEM FEITO
86,no,Saude e Educacao nao e gasto e investimento o que tem que acabar e a farra publica com esse dinheiro acabar com foro privilegiado fim de regalias e punicao grave a crime de corrupcaoPior cego e o que nao quer enxergar isso nao e e nem sera bom para a saude do Brasil 
87,no,Se fosse os petralhas estariam criando mais bolsas ate virarmos uma Venezuela 
88,no,Cortar na propria carne e acabar com o financiamento de partidos politicos
89,no,cortarsea  a propria carne   a propria carne DOS OUTROS nao a deles 
90,no,Enquanto isso Seus Ministros fazem farra com dinheiro publico
91,no,e quando vao pegar nosso dinheiro de volta com os sanguessugas
92,no,Tem que cortar a carne das regalias dos politicos em Brasilia vamos fazer este sacrificio Temer
93,no,Ate agora so cortou o acem porque o file mignon continua nadando de bracada
94,no,So conversa mole desde que golpeou o poder nao e Temer
95,no,Corta na propria carne do povao enganado pelo sistema  es goto de televisao
96,no,Impopular tu ja e Mordomo Cortar na propria carne nao e bem isso mesmo porque nao e tua carne
97,no,To ligado Por isso os gastos dos cartoes corporativos e a utilizacao dos avioes da FAB  subiram esse corta na carne mesmo 
98,no,Cortando a propria picanha no churrasco de domingo Deve ter faltado o churrasqueiro
99,no,Porque nao reduz os salarios milionarios de toda a classe politica  porque nao  nao cria uma lei em que todos os politicos arquem com suas despesas  porque nao acaba com o foro privilegiado de parlamentares porque nao cria mecanismos pra colocar os corruptos na cadeia e fazer com que devolvam o que roubaram 
100,no,Eu estava concordando com a PEC mais depois que eu vi a reportagem hoje no G da farra dos ministros com aviao da FAB  fiquei revoltadoEsse pais nao tem conserto nao
101,no,E a farra dos ministros POLITICOS  e mais gente do governo com aviao da FAB quem paga a conta esse corte na carne nao existe Agora se  viajassem em aviao de carreira ai se acreditava 
102,no,ahhh isso e cortar da propria carne Vou ficar com medo entao quando ele for cortar da nossa carne
103,no,Desde que assumiu so falafalamas resolucao nenhuma
104,no,Sr presidente o Brasil esta ao seu lado que venham as reformas chega de mimimi e vamos trabalhar
105,no,Primeiro aumento para os amiguinhos depois ferro no povo
106,no,E preciso reduzir e muito O custo Brasilia   Reducao de privilegiosreducao numero de deputados e senadoresreduzir numero de instancias recursais no judiciario    
107,no,Nao vi corte algum DEIXAR DE GASTAR nao e cortar
108,no,Mas porque ao inves de tirar mais da populacao mais pobre tambem nao crie os impostos sobre grandes fortunas exonere os cargos partariados de comissao corte os salarios e regalias dos deputados senadores dos secretarios e do Presidente da Republica diminua o salarios autos dos magistrados ai sim eu comeco a acreditar mais neste governo e no Brasil melhor
109,no,Em filmes e novelas a culpa e sempre do mordomo
110,no,Temer  me explique o que e sentir na propria carne ja que nao vao ser cortados nada de suas verbas
111,no,Ahahahahaha Voce devera trabalhar em dobro ou em triplo ele nao 
112,no,Senado pagara R  mil por reforma no gabinete de Romero Juca PMDBRR
113,no,Bem lembrado Marcos Alves  Essa PEC e muito importante para a tao sonhada reforma politica Eu ja participei  
114,no,quem esta com o dinheiro na mao e sabe o que vai precisar fazer para suprir as necessidades seja de sua casa de sua empresa de seu estado municipio e pais e o unico que sabe aonde tem que economizar o que tem que corta pra nao ver o seu negocio afunda o restante sao os julgadores que nao sabem o que esta acontecendo
115,no,Discordo em partes Mas porque ao inves de tirar mais da populacao mais pobre tambem nao crie os impostos sobre grandes fortunas exonere os cargos partariados de comissao corte os salarios e regalias dos deputados senadores dos secretarios e do Presidente da Republica  diminua o salarios autos dos magistrados ai sim eu comeco a acreditar mais neste governo e no Brasil melhor
116,no,mais voce viu que ja esta sendo cobrado os impostos de pessoas que aplicam seus dinheiro em outros paises e quanto  corta salario aumenta imposto isso ai nao resolveria o problema e sim agravaria cada vez mais agora corta gasto desnecessario isso sim e valido
117,no,O governo nao tem e nem pode ter carne A carne que estao cortando e do povo via deservicos publicos 
118,no,Corta a propria carne onde Ministros teriam burlado regra da FAB em  voos
119,no, Um Brasil de amanha Ele disse porem o amanha e agora o que esta se falando aqui e de uma recuperacao do pais a longo prazo  anos isso se ate la com este governo que esta bem ai o Brasil ja nao estiver afundado de vezVai vendo
120,no,Melhor comecar cortando as despesas dele porque nao houve ate entao nenhum presidente que gaste tantocomece cortando a propria carne
121,no,Cortar na carne do povo isso sim Pq os autos salarios e as mordomias nao entram no limite de pec da maldadefora temer
122,no,Engracado e meter a mao no dinheiro da  populacao e ao mesmo tempo querer ajudar uma empresa privada  OI  com dinheiro publico O jeito e esperar outro meteoro dar o reset novamente
123,no,Corta a propria Carne Teve churrasco no Planalto e nem nos chamaram Esta e a unica Carne que eles cortam Na mamata deles com certeza nada
124,no,hahahahahahahahaa hahahahahaha E uma piada esse cara 
125,no,Essa e uma reforma urgente A proxima e previdencia PEC e fichinha perto do que SE DEVE fazer 
126,no,Cortando na propria carne aumentando em  os gastos com propaganda ta bom
127,no,hUAHUAHUAHUAHUAHUA E UMA PIADA MESMO ESSE PRESIDENTE 
128,no, so falta acabar com a farra dos cartoes corporativos
129,no,Gastando  MILHOES em   meses com cartoes corporativos Hipocrita
130,no,gerar impopularidade com quem com os eleitores ou com os parlamentares 
131,no,QUera saber pq o povo paga pelo erros dos politicos  Pq nao cortam os proprios salario  as verbas de gabinete e mandam embora aquele monte de auxiliares dos parlamentares que so servira sugar dinheiro publico  Acabem com a roubalheira q o Brasil avanca
132,no,Todos os paises que sairam dessa crise economica sairam com alto investimento em educacao e tecnologia Ja no Brasil a receita e o contrario O resultado ja sabemos a volta da Republica da Banana a classe media voltando para a pobreza e a pobreza voltando a semiescravidao
133,no,Estes politicos ai de Brasilia praticamente nenhum tem ficha limpa sao os maiores ladroes do Brasil
134,no, acabou  a mordomia dos comunistas  vao trabalhar  fora seus corruptos
135,no,esse e o caminho do crescimento
136,no,Claro que nao Votacao no G quem ai e a favor da PEC dar um verdinho e quem for contra o vermelho Vamos ver se realmente impopular
137,no,Da para fazer uma lista com mais de cinquenta itens Se tivessemos um Governo do Povo e para o Povo  tudo seria diferente Temos Governantes que so pensam no enriquecimento proprio
138,no,NOS PEOCUPEMOS COM NOSSO PAIS ESTE ESTA SUJOOS OUTROSPROBLEMA DELESIGNORANTES
139,no,Na carne de quem carapalida
140,no,Para ele que tem varias aposentadorias nem vai sentir o corte   kkkkkkkkkkkk
141,no,Finalmente chegou  a hora de trabalhar pra ter as coisas nesse pais Ja estava me sentindo um trouxa de trabalhar pra poder comprar minhas coisas 
142,no,Preparemse todos Corte para concursos publicos poderao colocar seus apadrinhados com altos salarios sem concurso sem verbas para saude educacao e seguranca publica  aguardem aumento de assaltos Para reduzir gastos bastaria fazer cortes nos altos salarios de cargos comissionados sem concurso e beneficios dos gestores
143,no,Na carne de quem Aumento para varias categorias de servidores servis que dao suporte a tudo que esta sendo feito O unico que vai sentir os impactos reais e o povo que por incrivel que pareca foi tao alienado que uma grande parcela apoia essa loucura
144,no,Tem tonto que acredita nessa palhacada vai cortar apenas do pobre que necessitada de saude e educacao do governo esta pra ser aprovado a terceirizacao esse mes  e vao aprovar o caixa  para que as Delacoes da  Odebrecht poderem ser realizadas e nao punirem os imundos
145,no,Nao vai ter golpe Dilmae  o povo bonito e trabalhador vai te colocar la novamente
146,no,TODO SEM NOCAOSEM ARGUMENTO ADESTRADOJOGA CULPA EM QUEM NEM SABE
147,no,Antonio Oliveira A VENEZUELA A GASOLINA VALE   CENTAVOS DE DOLAR NEM POR ISSO E POTENCIA
148,no,Nao reconheco esse governo ilegitimo e golpista Fora Temer e companhia
149,yes,ninguem se importa com vc nem sua mae seu nada
150,no,E as palestras do analfabeto  Quantas foram proferidas apos a Lava Jato
151,no,Esse e o meu presidente que venham as reformas e vamos trabalhar chega de mimimi 
152,no,Povao O governo quer cortar direitos previdenciarios e cortar gastos com educacao e saude Tudo isso para manter os privilegios dos poderosos Nao podemos aceitar Vamos protestar Vamos de Lulo  e Lulala 
153,no,So vejo os comunistas contra a PEC o resto q vejo sao todos a favor
154,no,Enfim uma iniciativa com vistas no futuro e nao so na proxima eleicao
155,no,Heranca do governo anterior
156,no,Falando em heranca sao  anos de PEC haja heranca pra deixar
157,no,vOCE E UM BRINCALHAO 
158,no,Parabens Pres temos que tomar mediadas duras e culpa do PTe
159,yes,Vai te lascar miquinho amestrado
160,yes,IDIOTA
161,yes,Vai pro tanque sras Sonia
162,no,Sonia o cartao corporativo do seu presidente ja bateu a casa dos R  milhoes em  meses
163,no,Ja ouviu algum dia falar em antenas nao essas aquelas de longo alcance Nao ne rsrs
164,no,Perfeita explicacao fisica Antonio Souza Mas acho que em OC e OT ninguem mais transmite ne
165,no,Quem tem o famoso transglobe da Philcoso vai servir pra ouvir radio do Paraguai
166,no,Isso mesmo FM e local e loge de tudo nao chega Acabar com radio no interior despovoado e a meta
167,no,Leio a noticia com tristeza A transmissao em AM e a unica possibilidade de ouvir radio nos lugares mais longinquos deste nosso Brasilsao A transmissao em FM e por demais limitada e baixo alcance devido as frequencias de radio transmissao Se as duas modalidades sao autorizadas e legais nao precisa o Sr Presidente se dar a esse trabalho Mas ao contrario deveria estimular a radio transmissao em AM para os locais onde as populacoes necessitam de acesso as transmissoes de radio ate para inclusao social e inclusao Nacional E uma pena
168,no,As radios sao controladas por politicos so precisavam do presidente certo pra ganhar o presente Muita gente  vai xiar o AM tem maior alcance
169,no,Para quem nao entende existe sim a transmissao de radio AM aindaem cidades pequenas nos locais mais afastados das capitais  onde fm nao chega nem com chiadosa AM chega ruim mas cheganos  cantoes deste Brasilzao  so AM chega e com muita palha de aco nas anteninhasagora esse povo pode ficar sem este entretenimentopois tv analogica sempre foi luxo a TV digital sera utopiaagora sem AMserao isolados  ate de informacoestudo que eles queriam quem sabe
170,no,Nem todo mundo mora em cidades meu Acorda
171,no,O Brasil tem  milhoes de km meu A propagacao da FM nao passa de  km
172,no,Deixa pra la Esquece E dificil tentar fazer compreender o basico do basico Bjs Tata
173,no,Infelizmentehoje em dias e melhor ser arruaceiro e agitador no Brasil do que ser trabalhador honesto
174,no,Com certeza essa lista contem  de politicos  Lamentavel
175,no,E quando essa imoralidade vai ter fim Ate quando trabalhadores vao ter que sustentar parasitas
176,no,FARRA DO BOI  LOGO LOGO VAI TER MAIS UM PEDINDO ANISTIASABE QUEM E NE  FAZ ME RIR
177,no,E as familias dos soldados e dos civis mortos pelas bombas dos terroristas so recebem xingamentos Esse pais so defende e da premios a bandidos
178,no,Cara que bota preco em ideal nao e idealistaE mercenario
179,no,Foi com anistia que o governo militar deixou o Brasil na pior
180,no,essa noticia nao interessa a globo
181,no,Torra se absurdo com politicos militares judiciario e o problema e o velhinho que com  pega um salario minimo
182,no,O problema e os caras tirarem dinheiro da previdencia dos trabalhadores da iniciativa privada para pagar beneficios para servidor publico civilmilitar
183,no,O Senado um das instituicoes mas caras e inuteis do pais votando o corte de gastos dos outros os deles naoBando de ladravazes do erario
184,no,TEMOS QUE IR PRAS RUAS MOSTRAR QUE NAO ACEITAREMOS 
185,no,A pec do mal comeca esta semana o fim de nosso pais 
186,no,Usando o calculo diferencial e integral se voce tem  anos de contribuicao e comecou aos  anos hoje tem  anos pela reforma vai cair no pedagio de  ate  faltam  anos talvez voce trabalhe mais uns  anosse tivesse menos de  anos cairia na reforma completa
187,no,Preparem se esse  PEC  for aprovado  o Brasil sera uma  nova Etiopia 
188,no,E a grana pra salvar a oi vai sair de onde
189,no,agora e do setor eletrico que ninguem quer investigar
190,yes,Demente total 
191,no,Temos que acabar com esses rotulos de esquerda ou direita Tem politicos corruptos em todos os partidos Vemos com clareza que alguns partidos defendem interesses da elite e outros do povao Outra PMDB e PSDB nao sao partidos sao quadrilhas organizadas
192,no,essa esquerda que esta ai nao tem condicoes com linderberg gleisi fatima bezzeratotalmente insanos
193,yes,Joao Pereira seu anencefalo Seus comentarios sempre me enojam 
194,no,Olha nisso tenho que concordar com o Joao melhor pagar um SM para um estudante do que para um presidiario
195,no,Esse pais esta podreque nojo
196,no,nao entendi a colocacao podre  onde  pais  nao e no pais
197,no,Eu que nao entendi seu Edsonda para explicar a duvida melhor
198,no,Outro seu Bertin lexotankkkVixemas vc ainda e mortadela meu filho
199,no,Resultado de  anos de patria educadora Educando ladroes e corruptos
200,no,Engracado e que se voce disputar emprego com eles voce perdera
201,no,votaremos em quem quisermos o voto e livre se vc nao gosta problema o seu
202,no,Nao tem aquela frase  so nascendo de novo  Para o Brasil so colonizando de novo
203,no,Sr Sergio moro crie uma comissao de magistrados corajosos p apurar crimes sem medo
204,no,E o fim Desisto do meu pais 
205,no,Esse modelo de Enem e enganar o povo que pensa que vai entra na faculdadeentra uns poucos o resto e tudo fraude
206,no,E ainda reclamam que so ha corrupcao no Brasil 
207,no,Talvez Luiz vc nao seja bom o bastante para tirar uma nota boa e fica de mimi eu entrei atraves do ENEM e to de boa estudando sem nenhuma conspiracao kk
208,no,Eu estava na ocupacao de escola e sai pra fazer o ENEM Sou esperto 
209,no,Esse foi apenas mais uma fraude Certamente deve ter outros tantos que fraudam e ninguem nunca sabera Alias esse pais historicamente ja e uma grande fraude
210,no,Corrupcao e mais corrupcao Em todas as areas no Brasil Sabe o que acontece com corruptos NADA
211,yes,da vontade de por um aipim no rbbbbbbb
212,no,Cade Sergio moro podia pegar essa de sobremesa 
213,no,Engracado as fraudes  comeca  nonpoder de Brasilia 
214,no,Me diga uma acao publica que nao tem fraudes neste pais A desconfianca e tao grande que fico querendo saber que e a pessoa de forro privilegiado que esta por traz deste esquema
215,no,Quando mais a esquerda mentir sera melhor para o Brasil assim nao vao eleger ninguem em 
216,no,Edmond antes de julgar comentarios  que tal vc tentar saber a verdade o projeto de lei   tratava de reformas da previdencia e foi barrado pela oposicao na epoca que por acaso ou golpe do destino hoje e governo
217,no,era de se esperarnao adianta perguntareles nao vao falar dos  milhoes do srra
218,no,Cite amigo esquerdopata UMA LINHA ONDE DEFENDO QUEM QUER QUE SEJA UMA SO
219,no,Tudo o que defendo aqui e o imperio das leis e TODOS e note que sempre grifo o todos paguem pelos seus mal feitos O que nao tolero e a hipocrisia e as mentiras descabidas da esquerda incluo o PSDB que para mim e muito a esquerda E entendo intolerante esses esquerda lha defendendo os bandidos de estimacao mas atacando os outros que sao pequenas causas Hipocrisia aqui nao
220,no,Se e contra o Brasil nao sei mas contra essa PEC maligna e draconiana eu sou e serei sempre
221,no,Entendam que a causa principal de tudo o que esta acontecendo na politica e com reflexos negativos na economia e obra do populismo que quando em seus  anos de desgovernanca so tinha um e somente um plano de governo Se perpetuar no poder a qualquer custo
222,no,Derrotada nas urnas Gostaria de saber mais
223,no,DERROTADA nas Urnas em que urnas ahahahh ate onde ganharam perderam pra votonulo ahahahh
224,no,Nao foram derrotados nas urnas FORAM VARRIDOS E eles sabem disso hehehehe
225,no,Exercicio de logica elementar Se o PSDB que ganhou a maioria das cidades e foi o grande vencedor das eleicoes supostamenteb perdeu para os votos nulos imagina os vermelhos kkkkkk FORAM VARRIDOS Em SP entaoPrimeiro turno Um passeio
226,no,rindo da sua cara com  de desconto na aposentadoria e o seu troco por apoiar golpista ahahahah
227,no,Quem apoia ladrao
228,no,to dizendo que a globo fez e o sergio moro fez boca de urnaeles estao apagando as mensagens
229,no,Nilsa Amaral eu sei A do  TEMER tem MORTE MAIS PROLONGADA  ANOS 
230,yes,Mauro e dementekkkkkkquem ta lutando por poder sao voces apoiando bandidos no poder
231,yes,Felizmente extirpamos o ProjeTo defoder o povo dos clePTorruPTo
232,no,Antes tao AMEACADORES esses  clePTorruPTo agora verdadeiras corsas veadinhos mansinhos so com mimimi
233,no,SEMPRE OS MESMOS NAO BASTOU AFUNDAREM O BRASIL E QUEREM MAIS
234,no,Pois e Qualificou e investiu pesado na PF e uns acham que e unico culpadoSP ta com falta de policial civil e PM e os paulista se acham kkkkkkkkkkkkk
235,no,A economia de uma casa ou empresa e diferente da economia de um pais uma empresa pode corta gasto bem mais facilmente mas seu o governo corta gastos gera desemprego e queda da economia John Maynad Keynes  Todos defendem gasto com responsabilidade agora cortar gastos de educacao e saude que nao 
236,no,Eles torcem quanto pior melhor
237,no,pois e quando estavam la nao fizeram nada de bom alem de distribuir dinheiro disfarcado de bolsa familia e outras coisas nesse sentido Educacao  Otima Saude Otima  isso ja  melhor do que distribuir dinheiro 
238,no,o grande vencedor das  urnas foram os votos brancos nulos o recado foi dado a todos os partidos inclusive os de  direita  viram coxinhada 
239,no,Aceita que a boquinha acabou doi menos  Vermelho so o ketchup
240,no,Essa e boa com alguns politicos  peco se possivel informe os bons politicos kkkkk
241,no,Alvaro e isso   A nossa arma e o voto  O problema e que o povo na sua maioria nao tem instrucao Nao estudou a historia do Brasil
242,no,nao importa de qual partido e a bandidagem e sistemica Enquanto ficarmos discutindo pardidarismo e comporativismo o combate a corrupcao sempre sera velado Forro privilegiado em pais com alto nivel de corrupcao e uma afronta a etica e a moral
243,no,o que  assinaturas a maioria de laranjas o resto nao sabe nem por que assinou
244,no,Depois que a Russia montar uma base na Venezuela o problema vai passar para eles
245,no,Teve uma hora e nao conseguiu a resposta Claro ela nao existe
246,no,Teve uma hora para responder e nao achou nada Claro  nao existe ditadura eficiente
247,no,MELHOR DITADURA MILITAR  DO QUE DITADURA DE ESQUERDA
248,no,kkkkk aqui so tem ze mane que ta na guerra fria ate hoje
249,no,A historia nos ensina A se precaver do futuro A prova A Venezuela ainda estao fazendo vitimas para impor a ideologia genocida
250,no,Apos quatro horas nao conseguiram encontrar um exemplo sequer de ditadura em paises desenvolvidos porque sera
251,no,realmente  mais o brasil  tem que muda essa situacao  se nao   nunca saira desse  mar de lama  
252,no,Marcos no Brasil nao houve ditadura militar houve governo militar pois entre as varias medidas para reerguer o pais e o povo posso te citar criacao do fgtsembrafilme embraer bnh   hidreletricas eleicoes diretas para governador e deputados Ta bom pra voce
253,no,A China possui uma ditadura e e uma das maiores economias do mundo Marcos
254,no,O Brasil tambem e uma das maiores economias do mundo e nem por isto e desenvolvido
255,yes,enfia o kit no teu cut
256,no,globo e sergio moro fizeram boca de urna nessas eleicoes
257,no,voces acham mesmo que alguem votara na direita depois da PEC  jogar o Brasil em grupo da Nigeria 
258,no,dl nem sei o que e melhor Nigeria ou venezeruela
259,yes,o teucuquente porem continua dando adoidado
260,no,O que esta OPOSICAO esta conseguindo e atrair para si e para os proximos e o odio dos eleitores 
261,no,Ainda bem Murilo Temos de terminar a faxina e limpar o pais da esquerda lha Urgente
262,no,Sao mesmo agitadores e so o que sabem fazer ha a tempo ainda sabem tambem roubar
263,no,Concordo plenamente e so o que sabem fazer Quando tentaram governar deu no que deu
264,no,Oposicao a um governo que governa APENAS para aELITE 
265,no,marcos e eu que achava que politica era  uma ferramenta de transformacao quato engano
266,no,esse partido chamado P T e esse P Sol sao uma doenca pra nossa nacao um enfermo
267,yes,Coisas de gentinha estao sempre fedendo a mortadela podre e nao tomam banho
268,no,Esse povo nao esta nem ai pro Brasil so querem ser contra
269,no,em  acabara o forro privilegiado dai quero ver ministro do STF livrar a cara deste povo
270,no,A esquerda segue a passos largos rumo a quase extincao Continuem assim
271,no,PESQUISE E PARTICIPE Consulta Publica  PEC 
272,no,ESTAMOS PERTINHOS DE UM MILHAO DE PARTICIPANTES ACORDA BRASIL
273,no,Continuam espalhando as mesmas mentiras de sempre
274,no,Voltaram so a fazer o que senpre fizerem Sao os defensores do povo lamentavel 
275,no,quebraram o pais e ainda tentam boicotar quem quer trabalhar
276,no,BOICOTARAM um governo eleito por  anos SAO GOLPISTAS e nao querem oposicao ahahahh fazme rir
277,no,PESQUISE E PARTICIPE Consulta Publica  PEC 
278,no,ESTAMOS PERTINHOS DE UM MILHAO DE PARTICIPANTES ACORDA BRASIL
279,no,Esperem que esse  grupo do mal  nas proximas eleicoes vao  chegar ao fim
280,no,Rodrigo nao bagunce as ideias Uma coisa e uma coisa e outra coisa e outra coisa 
281,no,Vamos lutar muito pelos nossos direitos conquistados com tantas lutas 
282,no,TA animadinho porque rapaz APOSENTADORIA DESCONTADA EM  VAI PEGAR SEU VOVO TAMBEM AHAHAHAH
283,yes,Essa corrupta terrorista apresenta uma ameaca ao honesto povo Uruguaio
284,no,uma mulher que destruiu a Petrobras destruiu a economia e enriqueceu as nossas custas
285,no,Pelo menos a esquerda uruguaia Nao roubou o mojica ainda ta de fusca
286,no,Esta vendo a possibilidade de asilo politico ja que em breve recebera ordem de prisao
287,no,Isso mesmo Nao tinha pensado nisso mas e uma hipotese plausivel
288,no,Deve estar verificando a possibilidade de asilo para o Lu
289,no,O asilo e pra ela mesmo ela nao esta nem ai para excompanheiro de palanque
290,no,Mas nao vai ter um tupamaro ja foi tirado do poder ela aki nao forma
291,yes,Essa anta incompetenta  ainda esta solta
292,no,ta solta e nos ja invadimos fortaleza daqui a pouco sua novelina sai fora do ar
293,yes,Esse mortadela ja bebeu tanta cachaca q nao esta falando coisa com coisa 
294,yes,Temer ta bem pra caramba ne  Trouxinha
295,no,fafa e daqueles  alunos que eram zuados na escola por isso paga de revoltadinho na internet 
296,no,O Pentateuto que nome estranho acredite Sua capacidade de discernir ainda pode ser resgatada
297,no,pena qual linha esta na reportagem que devo ter pulado essa
298,no,sou obrigado sei sim so nao quero nao sou perfeito esqueco as vezes rs 
299,no,Isso que esta na mao dela nessa foto por acaso e um baseado 
300,no,Deve ser Ela nao iria desrespeitar o Fidel fumando um charuto no Uruguai
301,no,Se os Uruguaios for na conversa dela vai acabar de falir tambem
302,no,Ela ganhou um Oreo do  Tabare e num milenar ritual esquerdista esta oferecendo ao vento 
303,no,Pena que ainda existam vermelhos espalhados no pais quer dizer no mundo
304,yes,Sabe onde esta o dedo que falta Socado na sua mae kkkkkk
305,yes,Vai ser dificil a minha ha anos esta no ceu a sua ta na zona
306,yes,Se essa coisa ficar mais uma semana  la o Uruguai entra em recessao
307,no,Ja estamos tendo este cuidado o peso vai pesar sobre o real dela
308,yes,NAO ESTAO NAO SENAO RECRUTARIAM A TUA MAE SEU VERME
309,no,To sentido que tem defensores de bandido por perto FUI
310,yes,UM ES CRO TO DESSES E VERME MESMO
311,yes,sabe o que ela tem mais que nos Ela tem mais e QSF
312,no,E foi defenestrada pelo mesmo povo que nao aceita insulto 
313,no,Lamentavel mais eu garanto que em  meu voto e do Luiz Inacio Messias da Silva
314,no,E que nao volte de la Damos de presente pros uruguaios
315,no,o Brasil ta quebrado e temer esta emprestando  bilhoes ao FMI
316,no,muito bom depois de doar bilhoes de U na vizinhanca agora foi colher dividendos
317,no,Estao perdidinhos Nem anotaram a placa do caminhao que atropelou a petebada em outubro
318,yes,Foi recebida com  muito  capim e agua  fresca   
319,yes,Aproveita e deixa essa capivara por ai
320,yes,Que fique por la essa ANTA
321,no,O Uruguai mais uma vez ira receber a escoria do Brasil
322,no,aqu nao tem lugar para carne de pescoco o povo gosta so de picanha na parrilla
323,no,Comunista fazendo ato por democracia Democracia vermelha
324,no,Nao e que a veia ta segurando um cigarrinho de maconha mesmo 
325,no,NAO E MACONHA    E CANABIS  SEJA MAIS ELEGANTE  NESTE CAITE
326,no,a batata dela ta assando e ja fazendo plano de fuga
327,no,Estamos exportando mortadela Essa fica de graca  
328,no,Isso nao e forca e falta de senso de ridiculo mesmo
329,no,ja e a terceira vez que comento aqui Por que sera que meus comentarios sao censurados
330,no,Porque este robozinho fica buscando o q nao deve pra censurar o q precisa ele nao elimina
331,no,Depois dessa visita o Tabare Vasquez nao ganha eleicao nem para sindico de predio
332,yes,Fica ai Janete traste inutil Destruiu o brasil vaca
333,no,Tabare Vazquez vc deveria escolher melhor suas amizades 
334,no,Para nao levantar suspeita foi pedir exilio para o dono do triplex 
335,no,foi lindo ver essa incompetente  cair igual Jaca madura 
336,no,Reuniao de ex guerrilheiros Sabe la o que fizeram 
337,no,o temer e o melhor que ta tendo ne com ele nosso pais e a sexta maior potencia do mundo ne
338,yes,Tem que cuidar para que esta bandida nao venda infirmacoes sensiveis do Brasil
339,no,Quem tem motivos pra fugir sao aqueles que aparecem constantemente nas listas da lava jato
340,yes,Seus baitola vem fazer na mao vou dar um Murro certeiro nessa tua cara feia da porrrra
341,no,Ta louca Davi To afim de fazer nada na tua mao nao
342,no,Dali ele foi pro Panama para acabar de esconder o butim
343,no,Esses atos uruguaios com a presenca dela e  importante tanto quanto o preco da banana em Monaco
344,no,OS PETRALHAS ESTAO ARRUMANDO ESCONDERIJO
345,no,Ajudou afundar o pais E nao tem vergonha na cara Acha tudo normal
346,no,La ela foi recebida por Tabare Aqui onde vai e recebida por alguns Tabareus
347,no, O grande erro foi ter entregue aquela ponta de terra no extremo sul do Brasil
348,yes,Cruz credo dessa bosta
349,no,Tabarez digame com quem andas e te direi quem es
350,no,ato pela democracia ta bom me engana que eu gosto
351,yes,Porque nao morre desgraca
352,no,Isso dai e formacao de quadrilha A defesa da democracia so risos
353,yes,Ta fazendo a cama para e para o Moluscovai que
354,no,Essa  muie nem drome nem da cuie nem brinca em fiuvicoCuidado
355,no,Depois de tanto roubar nada melhor do que passear
356,no,Ficou mal ela ser recebida pelo presidente do Uruguai Fora de padrao
357,yes,Essa terrorista nao vai presa por ter roubado e atrasado um pais Que morra logo demonio
358,no,Quando falamos a verdade nao publicam Ainda falam em liberdade de expressao
359,no,Olha ai Sergio moro ela dando vacilo kkk pega ela pow
360,no,Putskkkkkde grande relevancia e importanciakkkkkkk
361,no,Provavelmente esta planejando a rota de fuga para o pais vizinho
362,yes,morre desgracada
363,no,Sera que ela discursou por la Dizem que ela fala espanhol sem sotaque
364,no,Esse Tabare e o tipico bolivariano light se e que isso existe
365,no,Saida pela tangente ou tambem comprando casa
366,no,NAO SABIA QUE O URUGUAI GOSTAVA DE TANTA PORCARIA JUNTO
367,yes,gracas a idiota Levandowhisky
368,no,Queria ver ela indo pro Paraguai tomar outro calote kkkkkkkkkkkk
369,yes,Vagabunda
370,no,Vao sentir falta da dentadura e do pao com mortadela
371,yes,Bruno nao e Kou e assimVa tomar no seu Gu
372,yes,Ja fez programa hoje 
373,yes,Vira ai que eu vou apontar o dedo no seu
374,yes,pensem numa MORTADELA maconheira chata 
375,no,e vc deve ser  mais uma assistida pelo bolsa esmola 
376,yes,Vc tem algum retardo ou e burrice mesmo Maria
377,yes,Essa Maria Benta provou do peba na pimenta de seu Malaquias 
378,yes,maria vai lavar uma louca que voce ganha mais 
379,yes,Toma vergonha na cara seu boiola maconheiro infectado
380,yes,O cara vai chupar uma piroca  vai
381,no,quanta gente raivosa que horror
382,no,Entao va para la e aproveite case com um homem de la
383,yes,Ganhou pq nordestino nao sabe votar
384,no,OBSERVO QUE ESTAO COMPARECENDO MUITO MAIS DESCONTENTES COM O GOLPE MUITO BOM
385,no,Entrou pelo voto Saiu pelo voto Cade o golpe So se for na primeira afirmacao ne
386,no,Vinicius Moraes posso te chamar de Naldo  Eh mais adequado kkkkkk
387,yes,Marcio nao sou seu irmao nao Nao tenho irmao baitola
388,yes,E so ver o numero de dislike de seu coment inutil e ver que nao tem tanta moral assimPalhaco 
389,yes,Quena o Tirso esta sentindo muita falta do charuto de mertadela tadinho aceita que doi menos
390,yes,Aonde a vaca vai o boi vai atrasTa apaixonado
391,yes,Tirso tem gente que come pela boca voce certamente come por tras
392,no,Carambaachei que ela ja tinha morrido e o Tirso tambem
393,no,Democracia feito a venezuela que os petebas queriam Que tal arrumar um emprego
394,no,Roubalheira Entao governo oriundo de roubalheira e ladrao tambem Eleicoes ja
395,no,A leveza de um paralelepipedo e a honestidade de um NOVE DEDOS
396,no,Sera que o MAV consegue ler e falar paralelepipedo
397,no,Tenho total condicao de dar minha opiniao enquanto liberdade de expressao me valer Enfim 
398,yes,Rosanabandida esquerdista e fedorenta
399,no,Osvaldo Miranda nao concordo Mas respeito seu comentario
400,no,rosana a sua revolta e devido a falta de mortadela 
401,no,nao e ofensa e curiosidade mesmo  sabe tipo estudo dos animais 
402,no,O golpe dela Rosana pra se reileita se chama bolsa familia
403,no,ele esta de escarnio estava acreditando nele ate ele falar em beleza e elegancia
404,no, Por isto ele usa o pseudonimo  de SURREAL bidu 
405,no,aha ta bom vou acreditar mentirinha nao acredito nao 
406,no,Collor nao e digno nem para limpar os sapatos  desta  DIVA
407,no,coitadinha quer dizer que a pobrezinha foi vitima de um golpe faz um favor e a leva pra casa
408,no,Nosso alvo e Nacional e nao municipalaonde todos se DOBRARAO
409,no,ELA DESFILARA SUA ELEGANCIA BELEZAPELAS RUAS E AVENIDAS DO BRASILNAO SE PREOCUPEM
410,yes,esse ai gosta de um charuto de mortadela no meio das pernas
411,no,Ilegitimo Foi vc que votou no Temer Eu votei Aecio Quem colocou seu presidento no poder foi vc
412,no,Joao Claudio lamento Minha resposta nao foi publicada 
413,no,O  Sr  Temer foi posto la por vcs que votaram nela
414,yes,Estrategia VERMELGA ACEFALA terceirizar a culpa xingar e denegrirKKKK TCHAU QUERIDOS
415,no,Porque nao vai aos Hospitais que estao super lotados e falta de equipamentos
416,yes,Coitada e o minimo a definila      Eu a chamaria de PODRE   
417,yes,burro
418,no,nao tiro um real do orcamento geral pra destinar a presidio com tanta falta em hospital 
419,no,Ela e da area juridica Hospitais sao da alcada do Ministerio da Saude simples assim
420,no,OS PRESIDIOS ESTAO OTIMOS O PROBLEMA SAO AS ESCOLAS E HOSPITAIS
421,no,ainda mais se for hospedar um politico  boa Rubens
422,no,Por que essa revolta Anderson Sua familia esta presa
423,yes,Mortadelas nunca entendem nadaKKK
424,no,Roberto o inteligente o mafioso Skaf pergunta Quem  vai pagar o pato
425,no,Quem negativa sao os presidiarios Lucasestao equipados dentro dos presidios
426,yes,Bandido tem mais e que peidar pra Muzenga mesmo Resolvam esse problema de superlotacao fazendo pelo menos  Carandiru por dia Simples 
427,no,Galera do PSOL e comunistas em geral apertem o vermelho mesmo
428,yes,A policia civil do RJ por exemplo nao tem nem privada pra kaggar e essa capivara ta preocupada com bandido 
429,yes,Carmen Capivara Lucia por favor me de o exemplo e leve meia duzia dessas vitimas da sociedade pra sua casa faca um coquete nele libere o anel de couro de refresco de groselha mostre que tem coracao 
430,no,Ate que enfim um comentario que preste O censor da grobo cochilou
431,no,Bandido defendendo bandido Estranho esse papo
432,no,Eles tem conforto ate demais Sofrimento tem as familias que eles destruiram
433,no,So ha justica para os pobres um pais onde os ricos ficam impune
434,no,Seria mais interessante ela visitar os hospitais do sus
435,no,Se ela concluiu o ato e porque ele concordouai nao e estupro kkkkkkkkkkkkkkkk
436,no,presidio e lugar pro sujeito pagar seus pecados e nao ficar num resort de ferias
437,no,Vitimas desses bandidos ninguem visita ne uma porque  eles ja mataram 
438,no,Ela poderia visitar tambem algumas escolas onde criancas estudam com os pes na lama com goteiras e muitas vezes com merenda estragada ou ate mesmo sem merenda alguns tendo que andar quilometros a pe ou dentro de caminhoes Isso eu gostaria que gente ligada  a direitos humanos tivesse a decencia de fazer mas nao eles gostam de visitar presidios e defender as pobres vitimas da sociedade As criancas de pes descalcos nao sao vitimas dessa sociedade porca
439,no,Quando sera a visita aos HOSPITAIS  PUBLICO do DF
440,no,deveria haver uma lei obrigando todos politicos a usar so hospitais publicose que todos os hospitais particulares fosse proibidos de atendelos so assim eles olhava para a situacao da saude publica que esta uma VACALHACAO 
441,no,Deveria estar preocupada em acelerar julgamentos que beneficiam aos trabalhadores ao inves de se preocupar com bandidos
442,no,Porque nao vai visitar as familias das vitimas desses criminosos 
443,no,e os parentes dos que foram mortos por eles
444,no,Santa hipocrisia Batman manda ela visitar hospitais publicos para ver se estao superlotados
445,no,Parabens Dra Carmen  ao menos a Sra foi la diferente de outros que nem sabe que aquilo existe  sabem que sao marginais mas nao podemos nos igualar com eles     
446,no,Nao quer ficar em uma cela superlotada Nao roube Trabalhe honestamente garanto que isso nao vai ser problema
447,no,Pouco conhecimento da leiatodos sao iguais depois de julgados e condenados exceto militares
448,no,Entao ministra mais um motivo para instalar a pena de morte
449,no,Esta visitando as novas instalacoes do Conde Dracula e seus Vampiros
450,no,sera  que  a   ministra Carmen Lucia presidente do Supremo Tribunal Federal   esta  procurando  vagas  para  os  politicos  ladroes  Bandidooooooooooooooos   no  presidios   que  esta  visitando   kkkkkkkkkkkkkkkkkkkkkkkkkkkkkkkkkkkkkkkkkkkkkkkk
451,no,Essa ministra trabalha a menos de  km dos hospitais de BASE e HRAN sera que pretende visitar os
452,no,Sempre a admirei agora mais ainda      Bela atitude  
453,no,Precisavamos de mais Presidentes assim
454,no,Peco ajuda aos universitarios que me ajudem a interpretar o que o zozoi quis dizer
455,no,Ela deveria levar o Renan Calheiros junto com ele mas ele ficaria la mesmo
456,no,Por que a excelentissima ministra nao visita a familia das vitimas  
457,no,Deixa de ser ignorante Quem precisa de mudanca e o preso nao a vitima
458,no,tem que colocar pena de morte ai vai diminuir bastante
459,no,Sera que houve uma faxina para a visita da Ministra 
460,no,Por que nao se reuniu com os parentes das vitimas
461,no,Trabalhar ninguem quer senao estaria vazio
462,no,Gosto delaNo STF e a unica que sabe o que diz e entende o que escuta
463,no,VAI NO CEMINTERIO ESTA MAIS LOTADO CHEIO DE INOCENTES MORTOS PELAS MAOS DESSES VERMES
464,no,Agora ela virou Ministra da Seguranca ou nao tem nada pra fazer no STF  
465,no,Tem que visitar nossas ESCOLAS e HOSPITAIS 
466,no,Nao vejo  ir visitar hospitais com criancas idosos e trabalhadores nas linhas finas
467,no,vamos ver quantas maes que tiveram seus filhos assassinados por estes assaltantes a Ministra vai visitar
468,no,Ave Dra Carmen Lucia os que estao prestes a morrer lhe saudam 
469,no,Os poderes estao  preocupados com bandidos  que tem de tudo que o cidadao onesto e renegado
470,no,Daqui pra frente vai piorar porque nao havendo emprego   vai aumentar os furtos e roubos 
471,no,Aproveita que esta ai e ja implanta pena de morte para esses lixos  Bndido bom E bndido mrto
472,no,Uma visita aos familiares vitimados por essa escoria sera louvavel
473,no,Tenho pena so das vitimas deles Quem se comporta nao vai preso
474,no,E quando vai visitar os hospitais e tumulos das vitimas desses marginais
475,no,Superfaturamento de TV e algum Senador ou Deputado coloca um  no bolso
476,no,duvido que essa ministra peca reducao de seu salario para tres mil reais
477,no,Fazer o que por culpa suas se tivesse leis severas estavam vazios
478,no,Tinha tirar todos auxilios de familias mande suas familias trabalharem para sustentarem
479,no,Presidio superlotado  F  o  D a  SE eu quero saber e da fila  nos hospitais creche e em busca de emprego
480,no,pra mim ta vazio a ministra que vai cuidar dos politicos safados que eles protegem 
481,no,Que tal  cada indulto dado um juiz leva um preso para casa
482,no,Deveria  julgar as acoes envolvendo Jose Serra Os  milhoes ninguem fala Cade a Veja
483,no,Vai querer aparecer mais que o Moro isso vai gerar uma ciumeira
484,no,eta Dra Carmem Lucia a senhora esta se saindo uma grande marqueteira
485,no,Se depender do STF Manda soltar todo mundoE com aposentadoria Ainda por cima
486,no,Deveria ser aplicada a etica de Aristoteles no sistema prisional  A justa medida
487,no,os presidios lotados e milhoes querendo entrar neles isso e um paradoxo 
488,no,ESSA MULHER FAZ CADA COISA
489,no,Depois que recebeu o premio agrado da Globo ta se achando
490,no,manda matar tudo e  esvazie as celas e vire heroina nacional
491,no,O Gilmar MendesPSDB vai ficar com ciumesEla esta querendo aparecer mais que ele
492,no,Unico que compre ena no Brasil sao os pobres Seus bando de hipocritas hipocritas e hipocritas
493,yes,A corja que apoia o golpe so fala merda
494,no,Excelente a iniciativa da Ministra e Presidente Carmen Lucia Parabens
495,no,Essa velha deveria passear menos e agir mais Ate agora so conversa
496,no,Para vai Saulo mim esses presos que estao la sao os mais perigosos do brasil
497,no,Neimar pela esquerda Gabriel Jesus pelo meio e Marinho pela direita que ataque 
498,no,Marinho kkkkkkk so por que jogou bem ontem e ja merece selecao
499,no,Com PaulinhaFernandinha em campo o Messi vai deitar
500,no,Pra quem nao sabe e aquele mesmo hotel que a Ana Hickimann estava
501,no,O Brasil deve vencer mas vai ser um jogo dificil
502,no,x no minino mano o Bauza vai vim todo na retranca
503,no,Enquanto isto o Senado gasta  mil na decoracao de um gabinete
504,no,SE TITE NAO SE TOCAR MESSI VAI DEITAR NO PAULINHOBRASIL X
505,no,Gastar  mil com reforma do gabinete de romero juca e sacanagem com o povo
506,no,Vai que Neymar faz um gol contra para agradar o Messy
507,no,RLX  neymar ja ta bem treinado pelo barca  so chegar e vesti o uniiforme 
508,no,O PALMEIRAS VAI SER CAMPEAO  SEM MIMIMI MUNDIAL DE 
509,no,O que o Carlinhos Brown ta fazendo aivai cantar as babaquices dele
510,no,o neymar faria alguma falta na selecao ou a sua ausencia seria melhor  
511,no,Parece aquelas perguntas ridiculas da globo no meio do jogo
512,no,Felipe massa ja vai se aposentar O que sera dessa selecao 
513,no,Bauza retranqueiro vai botar pra cacar o neymar podem tirar print
514,no,Marinho e um jogador que desequilibra qualquer jogo
515,no,Tomara que a Argentina goleie estes frescos
516,no,O Sao Paulo ja foi rebaixado 
517,no,VAMOS MASSA ATLETICANA LOTAR O MINEIRAO PARA APOIAR A ARGENTINA DE LUCAS PRATTO
518,no,VAMOS MASSA ATLETICANA LOTAR O MINEIRAO E APOIA O PRATTO
519,no,O Pratto ai lado de Messi  vai deitar e rolar em cima da nossa selecao falida
520,no,Mas ele so pipoca quando a coisa aperta sempre foi assim
521,no,Pipoca nada e um excelente zagueiro o  a  nao foi culpa dele
522,no,vamos voltar  anos atras e ver o que ele fez no  x 
523,no,corinthians o melhor aluno do enem enemlibertadores enempaulista enembrasileirao enemcopa do brasil
524,no,Ele virou goleiro
525,no,quem nasceu para ser  a  jamais sera Junior Baiano 
526,no,Ta jogando bem mais na selecao nao tem mais chance   Thiago Silva marquinhos Miranda sao melhores  
527,no,Jogar no PSG e decrescimo na carreira
528,no,na  boa  davi luiz  deu muito certo coma  camisa  do chelsea no  psg  nao era  pra  ele
529,no,Em compensacao de vez em quando leva 
530,no,Globo iniciando o lobby para o seu retorno para a Selecao
531,no,David Luiz agora e goleiro pra ter recorde pessoal de menos vazado
532,no,E aqui toma  em um jogo so o cara e muito ruim
533,no,ele possui outro recorde tomar  gols em um jogo
534,no,Cahill ainda tem pesadelos com Emerson Sheik e Paolo Guerrero
535,no,Ele so vai igualar o record pessoal quando ficar SETE jogos sem levar gols
536,no,Joga muito
537,no,Esses fans e torcedores do CR e Real Madrid sao uma piada Raca nojenta 
538,no,Melhor do mundo
539,no,Apelando nao compara com qualquer um ele joga Facil
540,no,Melhor do mundo e o Messi aceitem este fato Ronaldetes
541,no,essa modinha de rivalidade os  sao excelentes jogadores pronto
542,no,Daniel Lima Nao e rivalidade e a verdadeMessi esta acima de todos no futebol atual
543,no,e kkkkkkkkkkkkkkkkkkkkkkkkkk Pepe tbm ganhou e fez mais que CR man 
544,no,na moral e ser muito louco dizer que CR e melhor que Messi por favor velho
545,no,Mano na boa Messi ja foi eleito o melhor fora de outro time Se for seguindo esse teu criterio Pele George Best Maldini Iniesta  Garrincha e muitos outros sao uns BOSTAS pois esses citados nunca foram os mesmo em outros times e algunsMaldini e Iniesta nunca chegaram a jogar por outros clubes  Pele jogou por  anos no Santos e ninguem disse nada 
546,no,Mano na boaAngelim  volte pro video game rapaz O cara fala Messi ja foi eleito o melhor fora de outro time  E por acaso o Pele foi considerado melhor em outro  Ele no Cosmos ja estava no final de carreira Nao existe isso de tem que provar em outro clube Se for seguindo essa tua logica Iniesta e uma bosta segundo voce
547,no,Isaque nao se faca de tonto Chore menos sua Lionete
548,no,Mano na boa como eu sabia A Ronaldete nao tem argumentos
549,no,Mano na boa na boa mesmoManona boana boa manoManooooooooo 
550,no,CR ja ganhou a Copa America Nao Julio Baptista SIM  kkkkk  to aqui so pra zuar mesmo kkkk
551,no,So uma pergunta O que seria do Real Madri e Barcelona sem os estrangeiros 
552,no,Seriam grandes clubes afinal sempre tiveram jogadores nacionais que fizeram historia
553,no,So te corrigindo O que seria a Europa sem estrangeiros
554,no,Os  do Rio os  de Sao Paulo  do Rio Grande do Sul e  de Minas Gerais   grandes 
555,no,pele nunca vai ser melhor q esse cara
556,no,kkkkkkkkkkkk tulio nao ele conta ate de golzinho no asfalto
557,no,Falta muito pra chegar ao maior artilheiro de todos a grande genio da area Romario
558,no,No videogame igual aos fas alienados dele kkkkkkkkkkkkkk
559,no,o cara foi foda
560,no,enquanto isso o Palmeiras continua sem mundial
561,no,Em discurso Cristiano declarou Para de me secar NETO
562,no,So o oculos dele deve da pra comprar um apartamento 
563,no,Enquanto isso seu time contrata marcelo cirino por  anos e damiao por  ano e meio
564,no, gols em  jogos oficiais media de  Melhor do mundo
565,no,Deve ganhar o premio FIFA foi o melhor da temporada
566,no,Ficam um monte de mocinhas brigando por Messi e CR Virem homens
567,no,vai ter que pedir dicas pro Ze para pder jogar ate os 
568,no,ROMARIOgtRONALDOgtZIDANEgtMESSIgtRONALDINHOgtCR
569,no,Vao ter que renovar o contrato do Sergio Ramos ate  tbm
570,no,Nem Messi nem Cristiano vao dormir hoje preocupados com o que vcs acham deles Tontos
571,no,Ja nao ta jogando mais nada hj em diaimagina em 
572,no,Se nao ta jogando nada hoje imagina em   Vai ta no nivel do Alecgol  
573,no,QUE LINDINHO ESSE MOCO COM ESSE OCULOS
574,no,Sera que teremos tambem mais cinco anos de propaganda com o Clear men kkkkk
575,no,sai armario na mesma velocidade em que baixa a qualidade de seu futebol
576,no,Contrato de  anos Esses clubes sao loucos  anos no maximo
577,no,Real Madrid ta doido mesmo o cara nem empurrar a bola de baixo da trave consegue mais
578,no, temporadas pelo RALA e  titulos kkkkkkkkkk Messi em  anos de Barca tem  titulos
579,no, titulos sendo que uns  Trofeus Joan Gamper que e um amistoso Bela galeria
580,no,Mano na boa Ivo Holanda sao  titulos sem o Joan Gamper
581,no,Mano na boa Valdeny as coisas nao funcionam que nem no seu mundinho nao
582,no,Nao teve nenhum penaltizinho pro inutil Penaldo bater  Ahhh poxa juizao
583,no,Mano na boa quase que ele faz um hattrick Solange So faltou  penaltis
584,no,Atras so do Robinho e do Fred campeoes da Copa do Brasil 
585,no,Bom jogador Daria um bom reserva para o Fernandinho no Fla
586,no,Entao vamos somar as assistencias para ver quem ganhaOs dois sao otimos mas Messi e melhor
587,no,daqui a pouco vem um falar de titulo na selecao
588,no,no momento nao esta nem entre os  melhores  mas joga facil
589,no,Piada super engracada Ja pensou em fazer um teste pro Zorra Total 
590,no,Concordo  por cento
591,no,Bom jogador mais nunca jogara oq o Marcelinho Carioca jogou no todo poderoso timao chorem antis
592,yes,Lugar de mulher e na pia fogao e cama
593,no,E o CR ganhou tudo o que o Messi nao ganhou Choremmmmmmmmmmmmmmmmmmmmmmmmmmmm
594,no,Voce nem sabe o que fala mano voce nem sabe chutar uma bola ENTENDE NADA DE FUTEBOL CRFOREVER
595,no,Geraldo Gallo vamos protestar Amigo Vamos invadir aquele CT e quebrar tudo
596,no,Marias tremem pro Galo e borram pros argentinos FATO
597,no,PARE COM ESSE VEXAME GENTE DEIXA ESTE CARA DE LADO
598,no,Saudade do Otamendi Ele e Gabriel seriam uma dupla de zaga sensacional
599,no,dor de cotovelo das marias azuis borradeirasadoram a pagina do galo
600,no,Em pontos corridos nao tem apagao de refletor pra esfriar o adversario rajkazblanks 
601,no,Em pontos corridos nao tem jogador adversario escorregando com o gol escancarado rajkazblanks 
602,no,Em pontos corridos gritinhos de eu acredito nao colam rajkazblanks 
603,no,Em pontos corridos nao tem disputa de penalty rajkazblanks 
604,no,Em pontos corridos nao tem Riascos pra errar penalty aos  do segundo tempo rajkazblanks 
605,no,com Anelkocando ate hj Maria Ele nao e argentino nao viu Todos sabem q as Marias se borram pros argentinos
606,no,E uma pena que Riascos nao e Argentinota marcado na historia por dois momentos marcanteskkkkk
607,no,MARIAS NOS CIO  MINHAS PRESAS PREDILETAS VOU ME ESBANJAR EM DEVORALAS
608,no,Forca na peruca Galo RACA ROBINHO RACA PRATTO RACA CAZARES Vamos jogar com amor a camisa 
609,no,Concordo em partes Tem que ter sombra pro Vizeu se nao se acomoda igual ao Jorge
610,no,NAO ACHO NADA DEMAIS NESSE CUEVA SO FAZ GOL DE PENALTY
611,no,Junta todos os pontas do Fla que nao da um Cueva
612,no,o Flamengo sem motivacao nenhuma mete  x no santos
613,no,QUEREMOS UM TIME PRA GANHAR O TITULO E NAO PRA FICAR NO MEIO DA  TABELA NOVAMENTE 
614,no,Ue e o cheirinho que voces estavam sentindo era de que
615,no,Vizeu e convocado frenquentemente para a selecao sub quem ia ser o centroavante CIRINO
616,no,Devia e ficar o Damiao e sair o inutil do guerrero chorao
617,no,esse ze e  muito burro cara empresario corre solto e muita grana envolvida
618,no,O   PARA  TB   SE ACOMODOU UM POUCO  PODERIA REVESAR ELE E O RODNEY 
619,no,perfeito os garotos da base sao melhores que esses jogadores citados
620,no,e rogerio todos tem mais essa anta nao coloca pra jogar
621,no,o tecnico e bom o time que e ruim 
622,no,Complicado e colocar o Cirino e Gabriel atacante que nao sabe chutar nao faz gol
623,no,CariacicaES ainda seria melhor Bota o jogo contra o santos e o coxa la
624,no,correto  Adriano Adryan e melhor q Cirino Gabriel Fernandinho etc
625,no,O SANTOS TODO LANCA DOIS  GAROTOS PORQUE O FLAMENGO NAO FAZ O MESMO
626,no,Porque e menguinho so vcs que pensam e falam que e grande
627,no,ze vai cuidar do titulo   jogos  mexendo mal 
628,no,O cara que coloca  chiquinho  para  cirino e gabriel para jogar nao pode ser normal
629,no,pois e os  nao foram peidods por ele para  montar o elenco entao nao vamos da porrda no cara
630,no,ELENCO GRANDE E DE POUQUISSIMA QUALIDADE 
631,no,Abel Braga ano que vem Pra disputar a libertadores e manda Gabriel e cia embora 
632,no,Voce nao pode estar falando serio
633,no,THIAGO SANTOS EH MELHOR Q GABRIEL FERNANDINHO E CIRINO JUNTOS PQ O GARORO N JOGA
634,no,Coloca os moleques no carioca pra pegar experiencia
635,no,Se for o Ze Ricardo o Tecnico da Libertadores e entregar mais uma vez ao titulo ao palmeiras
636,no,Demorou so digo isso 
637,no,ze ricardo e doido o time empata perde ele continua com esse gabriel  so pode ser um caso de amor
638,no,Base  Com Ze nao tem vez So jogo la medalhao e jogador de empresario Politica dinheiro no bolso 
639,no,NAO E POSSIVEL QUE ESSE CARA VA CONTINUAR NO COMANDO  DO TIME EM   
640,no,SE ZE CONTINUAR NAO VAMOS GANHAR NADAEM HORAS DECISIVAS SEMPRE ERRA
641,no,Ze ricardo nao sabe avaliar nem os jogadores profissionais q estao com ele que dira a base
642,no,Verdade nao sabe mesmo  Escala mal e substitui pior ainda E o culpado pela perda do titulo
643,no,O culpado pela perda do titulo e o mesmo pela briga pelo titulo kk via entender  
644,no,Prefere usar o Damiao do que o Vizeu Sem comentarios
645,no,Um volante da base PELO AMOR DE DEUS para o lugar de Marcio AraujoPELA AMOR
646,no,UM DOS MELHORES  SE NW O MELHOR E RONALDO   DE VOLANTE OU LATERAL  JOGA  MUITO
647,no,ze ricardo     ta de brincadeira   culpa desse mane  todo jogo um time diferente  fanfarrao
648,no,gigante que nao ganha um nacional a  anosta de sacanagem ne
649,no,De tanto falarem em cheirinho perderam o olfato Rsrs
650,no, O Flamengo vai assumir a ponta a Demora e voltar a jogar no Maracana
651,no,Cai na Real vascainos segundo da segunda  Kkkkkkkkk
652,no,Mas o JUIZ e os DOIS BANDEIRINHAS que GARANTIRAM mais um ROUBO estao acertados pra 
653,no,ADRIANO   IMPERADOR    E   WAGNER  LOVE  E  RONALDINHO   E  FABIO  LUCIANO
654,no,muitos jogadores sem condicionamento fisico pra disputar um brasileirao deu nisso
655,no,Nao contratava mais medalhao o flamengo so gasta e gasta tendo os garotos da base
656,no, O  que gasto no cuellar erradamente dava pra ter comprado o cueva
657,no,Santos Kkkkkkkkkkkkkkkkkkkkkkkkkkkkkkkkk torcidinha cabe em uma Kombi kk
658,no,o cara se gaba de ser segundo eh pra quem nao e mais nada ser segundo e alguma coisa ja
659,no,So ganha se ROUBAR senao e CHEIRAO DE F E Z E S mesmo
660,no,Padaria do Flamengo esta vendendo muito o sonho ja acabou so resta pao 
661,no,STJDacorda essa pagina e rubro negraseu viceADO
662,no,Digam o que quiser mas da Copinha e da OPG so a arbitragem sao promessas para  KKKK SV
663,no,A GAROTADA RUBRO NEGRA MANDOU LEMBRANCA DE DENTRO DA SUA CASA KKKKKKKKKKK
664,no,O Vitor Nastari  voce esta e com a cabeca cheia kkkkkkkkk  imagine   kkkkkkkkkkkkkkkkkkkkkkkkkkkkk
665,yes,era o cheiro da bucelta da sua mae
666,no,Vamos iniciar  levando porrada Essa molecada nao tem nem corpo Vao pipocar
667,no,Concordo pois ele e bom para montar time
668,no,Verdade mas a maioria so olha pra tabela Entendem nada de futebol
669,yes,Tenho nojo do flamengo timinho de torcida terceirizada de nordestinos fedidos que pensa que e carioca da gema quando nao passa de um time que tem mais identificacao com o nordeste do que com o rio Quando se fala em flamengo se imagina um monte de paraibas fedidos e sem agua falando FRAMENGO e com camisa do camelo Respeito o Vasco e o Botafogo esses sim quando se fala em rio de janeiro se lembra deles Saudacoes corinthianas
670,no,desnecessario ofender o flamengo tudo bem agora envolver outras partes ai ja nao apoio 
671,no,Dinheiro a gente pega com quem tem Nao com quem ta quebrado
672,no,Lateral direito dois zagueiros e um atacante ja resolve grande parte dos problemas do Cruzeiro
673,no,So espero que ele recupere o bom futebol
674,no,a soberba ela nao acaba kkkkkkkkkkkkk
675,no,Relaxa Veremos daqui  rodadas Soberba
676,yes,isso e uma bishona daqui a pouco ele fala que se o leicester ganhar a champions ele da ucu
677,yes,Esse negro e o seu pai Sua mae deu pra ele quando jovem
678,yes,Voce ta e na zona sua galinha
679,no,Com o Botafogo tudo e dificil Eu acredito na classificacao Avante Glorioso Botafogo
680,no,Esse ano pra vcs foram muitas frustracoes eliminados de tudo que participaram e mais a de ontem 
681,yes,ah vai se fu de voce
682,no,o fanatismo nao e uma doenca fisica e nem espiritual mas sim uma doenca da ignoranca e odio   
683,no,Voces precisam pesquisar melhor a historia do campeonato de  
684,no,Nao houve rebaixamento pois existiam duas ligas
685,no,Ele e ficha suja e esta inelegivel nao sabia
686,no,kkkkkkkkkkkkkkkkkkkkkkk faz me rir
687,no,Palmeiras nao tem mundial
688,no,Inveja matahhhhhhh
689,no,time de um gol so muiuta sorte
690,no,O importante e ganhar meu filho acorda pra vida
691,yes,MULAMBOS  SETEM O CHEIRINHO DE HEPICANUNCUKKKKKKKKKK
692,no,o brasil todo  menos a torcida do inter hoje e Corinthians obrigacao e ganhar  
693,no,Nao temos timeTemos um bando de jogadores meia bocatodos sem nenhuma qualificacaoBarcaJA
694,no,ATENCAO NOVA DIRETORIA QUEREMOS UM TIME COMPETITIVO EM   
695,no,Traz ele de volta e deixa ele escolher o tecnico 
696,no,Mas ele vai preso Aguarde
697,no,Dois mundias com uma libertadores 
698,no,Futebol argentino e uma piada  So pancadaria e confusao           
699,no,A bandidagem continua se escondendo
700,no,Ele esta feliz em voltar a Bahia menos o povo baiano
701,no,Sua hora vai chegar
702,no,E DALHE DALHE PORCO E DALHE DALHE PORCO CHUP MOLAMBOS FICARAM SO NO CHEIRO
703,no,quando Deus diz nao nao adianta lutar contra
704,no,Esse nao roubouao menos nesta gestao
705,yes,Ragnar e nome de travesti da Escandinavia
706,no,Entrei so pra ler os comentarios dos peritos
707,no,Emocionada pela morte ou pela posse
708,no,Fizeram pericia nas pecas do carro
709,no, SERA POLICIA FEZ PERICIA NO CARRO  ESTRANHO NE 
710,no,Sera que foi sabotagem
711,no,Melhor investigar a oposicao
712,yes,MENOS UM MAS TEM QUE QUEIMAR LOGO O CORPO DELE ANTES DE CHEGAR NA PORTA DO NEM SEI E POLITICO MESMO  DO INFERNO
713,no,No Nordeste acontece de tudo 
714,no,Idiota
715,yes,o investigador investiga isso vcefdpta
716,yes,Esse ai senta na boneca
717,no,Aposto que ainda vai ser o presidente da camara
718,no,E a roubalheira continua Esses sao profissionais
719,no,Banco cheio de problemas governador 
720,no,So pela metade Voce esta sendo bem otimista
721,yes,Paulo vai to mar no c uu
722,no,Alex exponha seus argumentos abc
723,no,e tome dinheiro pra industria da seca
724,no, Milhoes para Sergipe  e  Milhoes pra Alagoas   Governador de Sergipe e um Bndaum Mesmo 
725,no,Seca no Amapa so pode ser brincadeira
726,no,Esse e meu presidente
727,no,Esse dinheiro ira fazer brotar agua do solo 
728,no,Mais dinheiro desviado em   
729,no,Esses recursos vao sair de onde 
730,no,Ele vai ser o pior presidente da historia
731,no,ele nao e presidente  e golpista
732,no,AECIO E O UNICO CAPAZ DE TRANSFORMAR ESTE PAIS
733,no,Finalmente o Senador entendeu Parabens
734,no,Fiquei chocado com essa noticia
735,no,Voce e meia duzia pensam assim
736,no,Passei por aqui so pra deixar meu FORA TEMER
737,no,lazarentuuuuu
738,no,Sera muito bom para suas empresas para o povo nao
739,yes,Reforma estrutural no seu rbbono meu nao
740,no,Pode prender inocente  
741,no,Que tornozeleira eletronica
742,yes,hmmmmmmmmmmmisso e uma bichna
743,yes, Entao e da lojinha da anta
744,yes,e da lojinha da tua mae aquela prostituta
745,no,Ainda temos que aguentar uma ironia dessa
746,no,Os netos que devem ter vergonha dele
747,no,Cara    de    Pau         
748,no,Boca mole e bolso e contas bancarias abarrotadas de dolares Sahfado
749,yes,Boca de buxeta
750,yes,E O PIAUI QUERENDO ASSUSTAR O MUNDO COM ESTA FIGURA OU SO NASCE GENTE FEIA LA
751,yes,Vermelho nojento deveria levar um tiro na cara bandido 
752,yes,Vagabundo
753,no,A corrupcao e o cupim que corroi a democracia e as instituicoes  
754,no,A corrupcao esta estampada na cara desse individuo
755,yes,desgracado bandido mais bandido ainda e quem vota numa desgraca dessa  eta povo burro 
756,yes,Raposao politico de profissao  ta no fim da carreira e o Piaui o adora  Eh boca mole eheheh
757,yes,Vai pagar muito boq na cadeia para outros presos com essa boca de buc inchada
758,no,E tanto deboche tanto escarnio perderam o senso de ridiculo de humilhacao
759,yes,Debil mental 
760,yes,MELHOR SERIA C U DEPOIS DE DIARREIA
761,yes,Eu ja havia arranjado um apelido para ele aqui em casa ocuquefala
762,no,Quando esse cara comeca a falar eu mudo de canal
763,no,que absurdo estou indignado com essa chacota 
764,no,Voce sabe quais os atos enriquecem o curriculo de um bandido Entao esta explicado
765,no,kkkkkk 
766,no,Estourou o placar quanto e isso
767,yes,Esses petebas sao piores que asnos puxadores de carroca
768,yes,E a mesma denuncia burrao
769,yes,O pior e que e a quinta ele nem pode contar nos dedos da mao que lhe falta kkkkkkkkkkkk
770,yes,Queremos ele morto
771,yes,ONU  KKKKKKKK ONU e bosta e a mesma coisa seu anta
772,yes,Ele vai  sentir o peru entrar
773,yes,o moro vai sentir o peru do aecio entrarkkkk
774,yes,Carlinha Antinha a servico dos petebas Ridicula
775,no,E muita denuncia e pouca acao
776,no,Muita denuncia e pouca acao 
777,no,Muitas denuncias muitas provas e pouca cadeia 
778,yes,Joao retardado presta atencao na gangue que esta tomando o Brasil de assalto 
779,no,Entao vamos perdoar o Ladrao so porque a outra turma tambem e nao seria melhor prender todos
780,no,Todos sabemos e que por causa da pesquisa de ontem no qual ele poderia ser presidente em 
781,no,Todos ou voce duvidava dessa medida tao rapida do MPF
782,no,calma tudo e questao de tempo lembra do Cunha
783,no,So com conviccao nao se prende ninguem 
784,no,E verdade mas apesar de acha que essas pesquisas sao furadas
785,no,os politicos sao o reflexo do povo
786,no,Vai fazer a denuncia e pede para um juiz pegar o caso blz
787,no,Curitiba esta mais esperta que voces pensam
788,yes,Concordo com o Carlos Isso aqui e lavagem cerebral pra asnos
789,no,E TEM QUE PRENDER LOGO ANTES QUE ELE FUJA PRA CUBA
790,no,Eu voto em quem ele indicar
791,no,Kkkkk
792,yes,Olha ai um esquerdopata cmedor de alfafa me negativou  
793,no,Pesquisa comprada
794,no,E SERA MUITO BEM RECEBIDO PELO JUIZ SERGIO MORO
795,no,Prendam logo o chefe mor da corrupcao
796,no,Nunca Nao existe materialidade So conviccao 
797,no,Na verdade  mesmo ja passou da hora 
798,no,PARA ALGUNS ACEFALOSESTE CIDADAO SE TORNOU UM MITO  MAS A CADA DIA PERCEBEMOS QUE NAO PASSA DE UM RATO LADRAO  ME DIGAM O CONTRARIO 
799,no,A casa caiu
800,no,Cade as provas
801,no,JA VIROU NOVELA CHEGA CANSAMOS
802,no,Falta pulso
803,no,Que materia espetacular em Grs
804,no,Denunciado hoje de novo ok mas preso quando 
805,no,NUNCA  JAMAIS SERA 
806,no,O fato e que Nao ha um politico honesto no Brasil
807,no,Isso ai e a materia ou so o titulo Kd o resto
808,no,E O QUE ISSO QUER DIZER MESMO 
809,no,So denuncia mais prender que e bom nada
810,no,Nao entendi o que ta faltando pra ele ser preso
811,no,Quando ele sera preso 
812,no,Denuncia  denuncia  denuncia  cadeia quando  
813,no,Indiciam e denunciam mas nao prendem
814,no,o triplex caiu
815,no,Finalmente ele vai ser preso
816,no,E os tucanos  reis das delacoes 
817,no,Quem que era mesmo o Homem mais honesto do Brasil
818,no,Desordem e Regresso 
819,no,Srs JUIZES PREDEM LOGO ESTE BANDIDO 
820,no,Essa noticia e antiga
821,no,Vai ser preso antes do Natal
822,no,muito processo pouca gente em cana
823,yes,QueseFODAesseFDP e quem gosta e defende ele tbm
824,no,Uma enorme e bem recheada pizza
825,no,Denuncias nao enche barriga precisa fazer valer
826,no, indiciacoes em  semana ja pode pedir musica
827,no,estao tentando desviar o foco 
828,no,O Serra com  milhoes nada tambem
829,no,Nao vai dar em nada
830,yes,G CANALHAS E OS COMENTARIOSENFIA LA
831,no,Ententam uma coisa nao ha denuncia sem provas
832,yes,e um monte de bosta mesmo no minimo e do norte ou nordeste que trabalhar que e bom nao trabalha vive do bolsa familia por isso vai votar no luladrao
833,no,Cade as algemas
834,yes,tu isso tu aquilo o gauchada boiola kkkk
835,yes,Guy Gay boiola e tu e teu pai
836,yes,Sabe o que e foro privilegiado seu bosta  Burro
837,yes,Vai dar de  pro lulao vai Mas leva viagra
838,no,Deixem o cara em paz
839,no,kkkkkk
840,no,Credo a Globo esta instigando a violencia
841,yes,O filhodaPhuta do Brasil 
842,no,Quando provar irao para a cadeia
843,no,Isso porque voce coloca rotulos nas pessoas
844,yes,O encantador de burros pegou mais dois
845,no,kkk voces sao uns comedias
846,no,MPF a trabalho dos interesses tucanos e pmdbistas
847,no,Nao pode ser serio o que acabei de ler
848,no,tem que investigar quem te deu aula de portugues
849,no,Porque ele esteve no poder por  anos talvez
850,no,Brincadeira e vc acreditar realmente nisto
851,no,Qual deles cade as denuncias
852,yes,BURRO ASNO TOPEIRA
853,yes,Mulher grossa estupida e ignorante 
854,yes,Alem de burro e analfabeto
855,yes,Hahahahahaha jumento
856,yes,Vai la lamber as bolas dele
857,yes,Que tipo de idiota abestado e voce 
858,yes,Vai lavar panela sua vaca
859,no,Idiotao E quem e o sabidao
860,yes,Romulo come bosta
861,yes,Lizzie come bosta
862,no,Acho que ta faltando provas
863,yes,Tinha que ser baianoputz que povinho
864,yes,KKKKK MAIOR LADRAO QUE MERECE A MORTE 
865,yes,Cala essa boca jumento
866,no,E serio isso 
867,yes,Pobre BURRO neque apoia a direita
868,no,Peco mais respeito por favor Falei
869,no,Entao peco um pouco mais de respeito Falei
870,yes,  GABRIEL  VOCE  DEVE  SER  UM  GRANDE  COVARDE    SE  VOCE  PEIDAR  VOCE  SE  CAGA  TODO          
871,yes,Esse asno ainda tem meu nome ta de sacanagem
872,yes,Sao paulinos gostam de mamar no cajado
873,no,Mas ele nao e  do futebol paraguaio
874,no,Tomara que esteja certo colega
875,no,No fim vamos ficar com os que ja estao ai
876,yes,Vc  deve ser retardado  
877,no,o cara e bom joga muito
878,yes,Enfia no rab o da sua mae
879,no,Eu acho que voce esta na pagina errada
880,yes,Andre noiado ver se diminue o fumo Ta dificil
881,yes,coloco vc otario ou su amae
882,no,Que moral idiota quase nem voltaram Kkkkkkkk
883,yes,SRN Sou a R A B U D A do Negao
884,yes,Eu passei na tua mulher e deixei minha g o z a d a
885,yes,Jkkkkkkkkkbosta de clubenao tem dinheiro pra contratar pra comprar camisa mas tem Estadiokkkkkkkkkvice eternopiada do Brasil Segunda eu volto
886,yes,P I R A N H A
887,no,Fundo do poco mesmo
888,no,Virou bagunca 
889,no,Isso e comum com times pequenos
890,no,isso e falta de dinheiro em um clube falido
891,yes,Mais um jogo e o flaF E Z E S sem estadione g l o b o
892,no,Da ate pena esse time so passa vergonha 
893,no,Sempre uma varzea Time pequeno e assim mesmo
894,yes,Cala boca o idiota 
895,no,esse ai e matador
896,no,Gostei das mudancas Novas estrategias
897,yes,outro asno que nao sabe nada esse artur
898,no,Esse MITO sabe tudo de futebol 
899,no,ainda precisa de centroavante e lateral esquerdo
900,no,Volante centroavante e lateral esquerdo
901,no,Foi divulgado sim procura ai que tem
902,yes,Esse time em que todos gostam de ceder a cauda
903,yes,e vc e analfabeta
904,no,Sera que agora ganha copa do Brasil 
905,no,Que diferenca faz 
906,yes,mas no sao paulo o apressado come C u
907,no,Nao da nem pra comparar fato
908,no,Verdade e triste mais e verdade 
909,no,no fim tudo dara certo  Rumo a gloria
910,no,JOGADOR DE TIME PEQUENO
911,yes,Walter devia lutar SUMO PODERIA SE DAR BEM
912,yes,O gordao ainda fica rindo consegue nem ficar de pe
913,yes,burro
914,no,o dirigente falou alguma mentira
915,no,Ja ta chato essa historia do Walter td ano e isso
916,no,Nao importa sao os mesmos jogadores
917,yes,Esse sorriso sonata nunca deve ter visto e nem jogado futebol Marcelo e Daniel Alves jogam a anos em times de ponta da europa ja ganharam ds os titulo ja estiveram varias vezes na selecao do mundo e vem esse bosta falar q eles sao ruins
918,no,quem e o reserva desse capaz de vir o reserva
919,no,onde tu viu isso
920,no,se vier e um otimo reforco
921,no,Se vier  sera  um bom reforco
922,no,excelente jogador  sera titular ao lado do Jo
923,no,seja bem vindo que faca um bom trabalho
924,no,BOA GOSTEIKKKKKKKKKKKKKKKK
925,yes,Karen vai lavar a louca q ta suja
926,no,E  CHORO  CONTINUA SENDO LIVRE
927,no,Bem vinda ao maior e melhor clube do planeta
928,no,Intao se vc nao ganhar nd e pk e ruim msm
929,yes,Ta com cara de quem peida na farofa kkkkkkk
930,no,Esta enganado 
931,no,voce esta desinformado
932,no,Ele foi sincero Corram atras
933,no,Falou o cara que nao sai da pagina verde
934,no,o choro e livre
935,yes,aprende a escrever cavalo 
936,no,vc e chacota bi da b sem mundial kkk
937,yes,mais um sem mundial bi da b lesma verde  kkkkk
938,yes,Nossa Anselma bibona invejosa sem criatividade
939,yes,Essa mina tem cara de cavalo 
940,yes,Ricardo tem cara de cavalo mas e uma potranca
941,no,O empresario desse rapaz e simplesmente magico
942,no,Seja feliz
943,no,Venda casada 
944,no,Que otima noticia para a massa atleticana
945,no,nem deveria ter contratado
946,no,Esse tem um empresario bom
947,no,Libera rapido antes que os turcos desistam
948,no,Eis que a sorte bate a porta 
949,no,Tem alguem disponivel pra levar no aeroporto
950,yes,Jogando o milho e sentando no sabugo ne maria
951,no,A quanto tempo voces nao disputa uma libertadores
952,no,Pq eles precisam trabalhar 
953,yes,GUILHERME SEU IDIOTA
954,yes,Lurdinha burra
955,no,quando foi isso
956,yes,alo sua vai botar ovos suas fracast 
957,yes,MIERDAS
958,no,Alguem falou em helicoptero
959,no,falou tudo
960,yes,time bosta cai gigante nunca kkkk
961,yes,Com essas contratacoes as frangas vao tomar no oi
962,no,Quem esse time
963,no,Pior cego e o burro
964,no,Se o seu dinheiro for fruto de corrupcao vc devera ser preso sim 
965,yes,SUA BATATA JA ESQUENTOU SEU BEBADO E LADRAO DO POVOCADEIA NELES DRSERGIO MORO 
966,yes,ADVOGADO DE BANDIDO E BANDIDO IGUAL E TEM QUE SER EXTERMINADO
967,yes,ACHO QUE O AECIO NAO TELEFONOU PARA O JUIZECO HOJE TA DANDO PITI DE SAUDADES KKKKK
968,yes,A mamis ja foi ne Mas eu chamo sua mulher  de mamis Sabe nada inocente
969,yes,AdiANALdo  A prega no final continua firme e forte 
970,yes,Igual a da sua mamis Uma prega indestrutivel  kkkkkkkkkkk
971,yes,Ruy vc acreditava no Japa da Federal tb ne Jumento
972,yes,Entrou no seu fedidinho Junior  Esse ui e proprio da sua gayzisse
973,yes,O dia do seu macho vai chegar Aguarde compre lenco pro choro Esterco humano
974,yes,Alexandre esta maluco so pode comeu titica quando crianca
975,yes,Olha se fosse assim ja tinham prendido e esquartejado o luladrao e kd 
976,yes,Junior no nome e marmota nas atitudes Ooooooo sujeitando tapado
977,no,Acordem Trouxinhas A casa esta caindo
978,no,A bixaria coxa ta no desespero 
979,no,a bixaria da mortadela ta no desespero
980,yes,La vem mais um afeminado Peta invadir comentario alheio Uiiiiiiii nojentaaaa
981,yes,quando sua me devolver o troco de R  pelo servico oral que ela me fez
982,yes,Adinaldo kkkkkkkkkkkk De novo defe cando mortadela
983,yes,Nao Junior Soares Defequei uns juniorizinhos soares aqui
984,yes,Todos com o nordeste sempre os bandidos estao todos no sudeste
985,no,ceis tao tudo e dano buesta cai esse ano
986,yes,Esse BOFE do Joao Paulo alem de ser LINDO deve ter um PAUlo MARAVILHOSO Noizinhas do MENGAO amamos SRNSomos Rabudas Negao  dcm DIAMETRO CRFCheirinho R Fedida
987,yes,NOIZINHAS do MENGAO temos um URUBU que se chama NKU para os jogos neste ano contra os BOFES dos outros times devemos levar NKU ou deixar NKU Por favor o que devemos fazer SRNSomos Rabudas Negao  dcm DIAMETRO CRFCheirinho R Fedida
988,no,Mais umo povinho idota
989,yes,Menor fica minha piroka quanto mais da metade ja ta dentro docusso da sua mae
990,yes,Enquanto issoO Palmerda bi rebaixado continua sem mundial Kkkkkkkkkkkkkkkkkkkkkkkkkkkkk
991,no,Cabra frouxo
992,no,Arregao
993,no,Faltou uma opcao Ele virou homem
994,yes,Vai procurar uma pra mamar Freddie Mercury E o melhor que saber fazer rubroneca
995,yes,Velho babao para de falar asneiras na nossa pagina
996,yes,Sonha boneca
997,yes,Aa que isso  as tricoletes estao descontroladas
998,yes,RUBRONECAS
999,yes,Vai retocar a maquiagem tricolete O frufru nao come ninguem ele e comido 
1000,yes,IDOLO DO FUDINENSE E SERIE B TEVE QUE ENTRAR NA JUSTICAO PRA NAO CAIR
1001,yes,As rosquinhas das tricoletes estao ardendo por causa do Conca Pode   
1002,yes,Dorzinha de cotovelo e coisa de florzinha einMimimimi 
1003,yes,As Florzinhas ficaram chateadas KKKKKKKKKKKKKKKKKKKKKKKK
1004,yes,Mulambos subornadores paguem a Serie B
1005,yes,Meigos eles sao mas cheiroso nao Fedem a Urubu
1006,yes,Eu quero ver o Abel brucututreinando esse time de bonequinhasnao vai da certo 
1007,no,Paulo cid mata baratas quando ele assinar o contrato depois de um mes ja recebe o salario integral ou vc acha que ele vem da china para o fra e vai ficar  meses sem receber Nao acredite em tudo que sua diretoria fala inocente
1008,no,minha diretoria e transparente e nao mente igual a  de voces nao tudo q o flamengo fala e concreto e fato tem credibilidade
1009,no,so queria dizer que   po de arroz e maquiagem    sem mais  ha e antes que eu me esqueca paguem as series b  
1010,no,Se a empresa concorrente da sua te oferecesse um super contrato de trabalho voce trocaria de empresa Quanta gente hipocrita nessa torcida do fluminense aff
1011,no,So ve um lado da historia voce Se eu to com a vida ganha ganhando quase  milhoes por mes durante  anos por culpa do Fluminense pq ele nao era nada antes disso Eu sinceramente jogava ate  de graca Essa era a obrigacao dele A melhor forma de retribui essa vida boa que ele ganhou gracas ao Fluminense O que e  mil perto de tudo que ja ganhou  Isso se chama ganancia mercenario nao e idolo
1012,yes,KKKKKKKK COM UNS CARAS DESSES QUEM QUER JOGAR NO FUDINENSE 
1013,no,Bbcas serie c vcs nao saben Separar quantos trocaram de lado epoca de doval dos trocas Fla x flu vasco x bota Jogadores marcaram epoca e historias Vcs sao eternos serie c 
1014,yes,A calcinha da tua mae ja tirei faz tempo e com facilidade pergunta pra ela
1015,no,desde que ele contribua e a gente levante a taca ta de boa o flamengo so vai pagar quando ele comecar a jogar mesmo
1016,no,Maycon ate admito que o negocio em si foi bom para o Fla mas atualmente nao acredito em nenhuma das duas coisas nem que ele va jogar bem e nem que o Fla levante alguma taca esse ano kkkkk
1017,no,Rafael dois finalistas da Libertadores do ano passado Um deles titular da selecao Equatoriana o outro futuro camisa  da selecao Ambos ja sondados por clubes da Europa Quem vai dar certo mesmo e o Conquinha com  anos e todo bichado kkkkkkkk
1018,yes,estao melando as calcinhas as tricoflorzinhas
1019,no,Comparacao sem nexo Tyson passou quanto tempo no auge pra chegar a fazer isso e tu sabes o motivo  Tyson e um mito que infelizmente se perdeu no fim de carreira
1020,no,Nao entendi essa comparacao o Tyson nunca foi um exemplo pra nada muito menos no ambito psicologico
1021,no,sempre disseram que a ronda nunca pegou uma adversaria de verdade qdo pegou alguem que bate forte mesmo afinou ela vivia correndo da ciborg pq sabia que ia perder as vezes nem e medo de apanhar e sim de parar de lucrar 
1022,no,Mas ela nao parou de lucrar perdendo inclusive nessa ultima do valor total  foi o valor pago so pra ela
1023,no,Imperador isso e balela Entao as outras nao sao adversarios de verdade E o mesmo que eu dissesse que Anderson Silva nunca pegou oponente de verdae quando pegou um bom wrestling perdeu duas 
1024,no,E so colocam ele pra pegar as novas safras ai e q a surra e pior ainda essa luta nao passa nem do o round podia colocar ele contra os semiaposentados pra ver se tinha alguma chance
1025,no,Na categoria so TJ tem chance consideravel Cruz tambem mas menos no entanto ainda apostaria em Cody Ja contra Aldo ele nao seria o favorito Aldo usaria  bem os jabs e os low kicks e faria uma luta estrategica
1026,no,A historia desse cara com o moleque que subiu no octagon pra receber o cinturao e muito louca O cara pode ate ser sangue no olho mas o que ele fez pra ajudar o moleque nao e qualquer um que faz
1027,no,Nao e afoito nao Contra o Cruz foi muito paciente atraindoo para trocacao franca So deu blitz contra os adversarios anteriores contra quem tinha grande confianca nao sem motivo de que botaria para dormir
1028,no,Vich todo evento ta caindo luta do card principal  Ta na hora do Dana comecar a ter substitutos pra esse tipo d situacao q faz tempo q ja deixou de ser inusitada  
1029,no,Cruz so tem agilidade mesmo poder de nocaute zero o Cody veio muito mais preparado por isso levou essa
1030,no,Meus caros amigos enigmaticosNao deveriam comparalo ao Tyson Tyson e um grande mito do boxe  mas que deixou a desejar no lado pessoal  Entao se nao e bom no lado pessoal ou no profissional o cara nao e completo Chequei nesse raciocinio assistindo o Faustao       
1031,yes,Ele chamava pra atras da escola e sentava nos garotos kkkk
1032,no,Jhalim Rabei ate fiquei assustado comecei a ler seu comentario pensei que ele Connorlevava os meninos para tras da escola e dava a bunda para eles KKKKKKK
1033,no,Irmao Honorato sempre falando verdades e agindo com a razao ao inves da emocao diferente dos tupims Te amo seu lindo