trend,id,text
Calleri,1587654113554317300,"SÃ³ pra lembrar que o Calleri jogou muito hoje!! https://t.co/pF8opq0XUx"
Calleri,1587654107527094300,"@SaoPauloMiIGrau O prÃ³prio Calleri perderia esse gol se fosse na final da sul-americana"
Calleri,1587654110802763800,"RT @realfutebolnews: Depois da derrota na final da Sul-Americana para o Independiente Del Valle, Calleri tem seis gols em sete jogos.  ğŸ“¸ Reâ€¦"
Calleri,1587654089999061000,"RT @SaoPauloMiIGrau: boa tentativa calleri mas ainda nÃ£o perdoei o que aconteceu no dia primeiro de outubro"
Calleri,1587653975771435000,"Se nÃ£o fosse os gols do Calleri, o SÃ£o Paulo tava dentro da zona de rebaixamento, se nÃ£o mandar uns dez embora anoâ€¦ https://t.co/nWxbQTr728"
Calleri,1587653946247712800,"ğŸ‡¦ğŸ‡· ğŸ¤ ğŸ‡¨ğŸ‡± Jonathan Calleri and Eduardo Vargas scored twice in a great game  âš½ï¸ @SaoPauloFC and @Atletico tied 2-2 atâ€¦ https://t.co/YdLcwgZOng"
Calleri,1587653839586357200,"VlSlT https://t.co/wfWGwWtYhd  #Phillies #ãƒŠãƒ’ãƒ¼ãƒ€ #RoÃ§aAFazenda #McCullers #LMD5 #èµ°è¡Œè·é›¢èª²ç¨ #WorldSeries2022 #ÙˆÙŠÙ†_Ø§Ù„â€¦ https://t.co/6DGLjhU0qf"
Calleri,1587653741448142800,"@rodrigorieper @gperecinispfc o galo tem um primeiro combate muito forte, Ã© muito diferente Luciano e calleri marcaâ€¦ https://t.co/RNdrNtdCpk"
Calleri,1587653639602319400,"ğŸ‡¦ğŸ‡· ğŸ¤ ğŸ‡¨ğŸ‡± Jonathan Calleri y Eduardo Vargas marcaron por duplicado en un partidazo  âš½ï¸ @SaoPauloFC y @Atletico igualaâ€¦ https://t.co/YFng1f65Zb"
Calleri,1587653588096110600,"@Guine_SPFC Obvio que ninguÃ©m vai pegar no pÃ© de calleri e Luciano... eles sÃ£o queridos, talvez se fosse gols perdiâ€¦ https://t.co/JU7HINoS6X"
Iran,1587654302708940800,"Saudis tell U.S. that Iran may be preparing attack, officials say https://t.co/9fAl37ZPxg"
Iran,1587654300515373000,"RT @Iucascomenta: todos que me criticaram porque votei e fiz mutirÃ£o pro vini ficar hoje vai votar em um 3 vezes pior que Ã© o â€œiranâ€ Ã© meusâ€¦"
Iran,1587654299911331800,"RT @euosodrac: O Iran nÃ£o Ã© um dos melhores participantes mas Ã© do GRUPO B, vimos o GRUPO A salvar Vini, Tiago, Petala entÃ£o podemos se junâ€¦"
Iran,1587654300196651000,"RT @HaroldoNaLata: Deolane pro Iran â€œfalando tanto de oratÃ³ria mas tÃ¡ latindo?â€  AAAAA MATOU ğŸ—£ğŸ—£ğŸ—£ğŸ—£"
Iran,1587654299521515500,"todas las amenazas simultÃ¡neas esta noche: IrÃ¡n contra Arabia Saudita, Corea del Norte contra Corea del Sur, . Y luego estÃ¡ Kosovo y serbia"
Iran,1587654297889767400,"RT @elprofeluis07: @UKR_token Eso no tiene lÃ³gica, a IrÃ¡n no le interesa, en estos momentos, atacar a Arabia, el que paso esa informaciÃ³n iâ€¦"
Iran,1587654295528394800,"RT @tuittafelipe: alÃ´, grupo b! nÃ£o vamos abandonar o iran, viu? SOMOS #FICAIRAN! ğŸ‘ŠğŸ»"
Iran,1587654295335444500,"Deolane saindo= melhor para o jogo, iria ter nvoas tramas e novos enredos surgindo, mas nÃ£o vai aconteÃ§er pq roÃ§a tâ€¦ https://t.co/WeKMy2Shas"
Iran,1587654292231659500,"RT @yashar: I was just messaging with a woman in Iran because I was asking her permission to share a video she had posted on social media.â€¦"
Iran,1587654291703079000,"RT @noUpside: Technical indicators tie three to China, three to Iran. Activity fairly standard: create caricature American personas, ingratâ€¦"
Deolane,1587654305628168200,"RT @barbiereservaa: A KERLINE PEITOU A BIA, PETALA E DEOLANE DE UMA VEZ SÃ“ Ã‰ ELAAAAAAAAAAAA #RoÃ§aAFazenda"
Deolane,1587654301186691000,"RT @chami1ne: Deolane â€œNenhum de vocÃªs vai me humilhar, eu sou a Ãºnica pessoa que pode fazer mal pra mim mesmoâ€   PISA MAMÃƒE #RoÃ§aAFazenda"
Deolane,1587654299806482400,"RT @BueriPoka: @Dra_Deolane Por ti bafudağŸ¤£ https://t.co/sziAiOYMOU"
Deolane,1587654300196651000,"RT @HaroldoNaLata: Deolane pro Iran â€œfalando tanto de oratÃ³ria mas tÃ¡ latindo?â€  AAAAA MATOU ğŸ—£ğŸ—£ğŸ—£ğŸ—£"
Deolane,1587654299609448400,"RT @bifedurodarita: Deolane para Babi: VocÃª Ã© nojenta, um animal. Que absurdo gente, sÃ³ sai m3rda da boca dessa mulher!  #RocaAFazenda #Aâ€¦"
Deolane,1587654297831047200,"Gente eles estÃ£o fazendo de propÃ³sito e pura manipulaÃ§Ã£o vcs lembram de sexta passada eles deixaram o Ã¡udio do repÃ³â€¦ https://t.co/eoQcjUfnoz"
Deolane,1587654295335444500,"Deolane saindo= melhor para o jogo, iria ter nvoas tramas e novos enredos surgindo, mas nÃ£o vai aconteÃ§er pq roÃ§a tâ€¦ https://t.co/WeKMy2Shas"
Deolane,1587654291074031600,"@dudareal9 @mickacomenta @2Eriel Mas vc iria votar se ele nÃ£o tivesse falado isso? Baba ovo de deolaneğŸ˜Š"
Deolane,1587654290667147300,"RT @fx_yanlc4: Quantos RT consigo aqui??      DEOLANE MERECE RESPEITO"
Deolane,1587654290574905300,"RT @ltcxrbs: EITA QUE DEOLANE HABLA! #RoÃ§aAFazenda"
Vargas,1587654276670701600,"RT @Atletico: ğŸ’ªğŸ¾âš«âšª FIM DE JOGO! NO MORUMBI, O ATLÃ‰TICO BUSCA O EMPATE CONTRA O SÃƒO PAULO, 2 A 2, E TRAZ PARA BELO HORIZONTE UM IMPORTANTE Pâ€¦"
Vargas,1587654265866166300,"AeroPeru Aeroperu Sac Sunarp 14646708, RUC 20607761672, Presidente CesÃ¡reo VARGAS Trujillo, Logramos #Aeroperu,â€¦ https://t.co/KkRyGJUkVF"
Vargas,1587654281406124000,"@Mailen_Vargas @emamonicaperez @virenisgreen SÃºmale a quÃ© la mayorÃ­a tienen que nacer por cesarÃ­a porque la cabezaâ€¦ https://t.co/TUkgNQ5zf4"
Vargas,1587654262535983000,"RT @carrizal1k: La Dra. Beatriz GutiÃ©rrez Muller Posteo ayer en su cta.  de Instagram un vÃ­deo de Maradona para darle una pasada a Vargas Lâ€¦"
Vargas,1587654235365249000,"pensando bem esse empate n foi ruim n, mas Ã© q eu fico nervoso dms e dava p galo ter ganho.. Ã© jogo de 6 pontos, poâ€¦ https://t.co/ReYta45ieX"
Vargas,1587654192621097000,"RT @RicardoAlemanMx: Para criticar es buena, pero cuÃ¡ndo le piden ayuda No soy mÃ©dico.  https://t.co/IIekuXNu7S"
Vargas,1587654168034115600,"RT @EdRaposo_: AmanhÃ£ estarei no PalÃ¡cio Duque de Caxias na Presidente Vargas. Dito isso, Ã© inacreditÃ¡vel abrir o Twitter e ver uma fila deâ€¦"
Vargas,1587654235856011300,"RT @SinLinea_Mx: Y sÃ­, Vargas Llosa no le atina a una.ğŸ¤­ https://t.co/X5oZripGxs"
Vargas,1587654150212419600,"RT @CentralDoCAM: â€œNo segundo gol, Eduardo Vargas foi comemorar onde ficou a torcida do Galo no Morumbi. Na volta, disse: â€˜A Galoucura furoâ€¦"
Vargas,1587654161713209300,"RT @RicardoAlemanMx: Para criticar es buena, pero cuÃ¡ndo le piden ayuda No soy mÃ©dico.  https://t.co/IIekuXNu7S"
Kerline,1587654305628168200,"RT @barbiereservaa: A KERLINE PEITOU A BIA, PETALA E DEOLANE DE UMA VEZ SÃ“ Ã‰ ELAAAAAAAAAAAA #RoÃ§aAFazenda"
Kerline,1587654304315351000,"RT @petalagb: JÃ¡ que tÃ¡ rolando um resgate de vÃ­deos antigos, vamos relembrar a Kerline chamando a Bia de piranha? No discurso Ã© tudo muitoâ€¦"
Kerline,1587654297780641800,"RT @petalagb: JÃ¡ que tÃ¡ rolando um resgate de vÃ­deos antigos, vamos relembrar a Kerline chamando a Bia de piranha? No discurso Ã© tudo muitoâ€¦"
Kerline,1587654303447240700,"ParabÃ©ns Kerline ğŸ‘ Querendo falar de Feminismo. https://t.co/K24Oy4mKSv"
Kerline,1587654292458045400,"kerline falando que o grupo b nÃ£o tem argumentos mas ela sÃ³ fala olhando p lado ou p um amgKKKKKKK prÃ³xima semana e kerputa na roÃ§aaaaa"
Kerline,1587654288611885000,"RT @barbiereservaa: A KERLINE PEITOU A BIA, PETALA E DEOLANE DE UMA VEZ SÃ“ Ã‰ ELAAAAAAAAAAAA #RoÃ§aAFazenda"
Kerline,1587654288750395400,"RT @Kerline: A beleza de milhÃµes! ğŸ’š #TeamKerline #RoÃ§aAFazenda https://t.co/yt4IJ5VH5p"
Kerline,1587654286724546600,"RT @petalagb: JÃ¡ que tÃ¡ rolando um resgate de vÃ­deos antigos, vamos relembrar a Kerline chamando a Bia de piranha? No discurso Ã© tudo muitoâ€¦"
Kerline,1587654284681830400,"RT @chicobarney: BÃ¡rbara Borges, Kerline e DÃ©borah sÃ£o muito firmes e fortes. Com argumentos. #AFazenda"
Kerline,1587654283767472000,"RT @AFazendaInfos: âœ¨ï¸DE QUAL LADO VOCÃŠ ESTÃ?          âš–ï¸Deolane x KerlineğŸ™  #RoÃ§aAFazenda #AFazenda14 https://t.co/mAnoxhACfj"
#RoÃ§aAFazenda,1587654302100750300,"RT @Dantinhas: A Bia nÃ£o fala nada com nada. Ela sÃ³ repete â€œnÃ£o tem argumento nÃ£o tem argumentoâ€ zzzz #RoÃ§aAFazenda"
#RoÃ§aAFazenda,1587654300750291000,"RT @oovinee: LUCAS XERATOBA NA ROÃ‡A AAAAAAAAAA CHUUUUPA SEU OTARIO!! #AFazenda #AFazenda14 #RoÃ§aAFazenda"
#RoÃ§aAFazenda,1587654305628168200,"RT @barbiereservaa: A KERLINE PEITOU A BIA, PETALA E DEOLANE DE UMA VEZ SÃ“ Ã‰ ELAAAAAAAAAAAA #RoÃ§aAFazenda"
#RoÃ§aAFazenda,1587654301186691000,"RT @chami1ne: Deolane â€œNenhum de vocÃªs vai me humilhar, eu sou a Ãºnica pessoa que pode fazer mal pra mim mesmoâ€   PISA MAMÃƒE #RoÃ§aAFazenda"
#RoÃ§aAFazenda,1587654299911331800,"RT @euosodrac: O Iran nÃ£o Ã© um dos melhores participantes mas Ã© do GRUPO B, vimos o GRUPO A salvar Vini, Tiago, Petala entÃ£o podemos se junâ€¦"
#RoÃ§aAFazenda,1587654290574905300,"RT @ltcxrbs: EITA QUE DEOLANE HABLA! #RoÃ§aAFazenda"
#RoÃ§aAFazenda,1587654299609448400,"RT @bifedurodarita: Deolane para Babi: VocÃª Ã© nojenta, um animal. Que absurdo gente, sÃ³ sai m3rda da boca dessa mulher!  #RocaAFazenda #Aâ€¦"
#RoÃ§aAFazenda,1587654292206502000,"RT @tuitakaik: A barbie infantil. Como ela Ã© fofinha. No instagram era uma mulher empoderada e no reality fica se fazendo de menininha #RoÃ§â€¦"
#RoÃ§aAFazenda,1587654289589149700,"RT @Caio55336246: Deolane nÃ£o pode sair, vou votar do inÃ­cio ao fim, a doutora vai ficar #FicaDeolane #RoÃ§aAFazenda https://t.co/GnkK0OKFsa"
#RoÃ§aAFazenda,1587654288750395400,"RT @Kerline: A beleza de milhÃµes! ğŸ’š #TeamKerline #RoÃ§aAFazenda https://t.co/yt4IJ5VH5p"
CHELO,1587654298363494400,"@CHelo_K01 tranqui bro que para jugar lol no ocupas preocuparte por eso umU"
CHELO,1587653828215820300,"@luizg2303 @pedraomachado @Boltz cara, ali Ã© decisÃ£o de milissegundo entre plantar ou abrir. da mesma forma que o Câ€¦ https://t.co/V3kB7oLLg8"
CHELO,1587653471427240000,"RT @monomochi: â€ã¼ã£ã¡ãƒ»ã–ãƒ»ã‚ã£ãâ€ã®ã¼ã£ã¡ã¡ã‚ƒã‚“ã§ã™  ã‚¢ãƒ‹ãƒ¡ã‹ã‚‰çŸ¥ã£ãŸå£ã§ã™ãŒé¢ç™½ã„ã§ã™ã­ å…¨ã‚­ãƒ£ãƒ©ä½œã‚ŠãŸããªã‚‹ã»ã©ãƒãƒã‚Šãã†ãªäºˆæ„Ÿ ã‚ã¨ã€ãƒ­ãƒƒã‚¯ãƒãƒ³ãƒ‰ãƒŸãƒ¥ãƒ¼ã‚¸ãƒƒã‚¯å¥½ããªã®ã§ã„ã£ã±ã„æ›²å‡ºã—ã¦ãã‚Œï¼  ä½•æ°—ã«ã‚¢ãƒ‹ãƒ¡ã‚­ãƒ£ãƒ©ã®äººå½¢ä½œã£ãŸã®åˆã‚ã¦ã‹ã‚‚ã—ã‚Œã‚“ #ã¼ã£ã¡â€¦"
CHELO,1587653203994316800,"@Ferdepre Fer jÃ¡ nÃ£o queria jogar esse major por problemas pessoais (talvez mental), acho bem difÃ­cil ele continuarâ€¦ https://t.co/4LAN8H0bjV"
CHELO,1587653297132945400,"@chelok1ng vocÃª jogou MUITO Chelo! deu a vida. Monstro"
CHELO,1587653174843908000,"@chelok1ng O CHELO VAI TE PEGAAAAR O CHELO VAI TE PEGAAAAR O CHELO VAI TE PEGAAAAR   obg por tudo chelo! ğŸ’œ"
CHELO,1587653163720614000,"@Cachorro1337 Mas a verdade Ã© que se todo mundo tivesse no nÃ­vel do chelo era campeÃ£o do major invicto, carregou legal. Isso Ã© um fato"
CHELO,1587653160457408500,"@chelok1ng VOCÃŠ Ã‰ UM MONSTRO CHELO"
CHELO,1587652926264283100,"@chelok1ng Obrigada chelo!! â¤ï¸ğŸ™ğŸ½"
CHELO,1587653228489056300,"RT @Tribo_Cortes: CHELO,Ã‰ LINDO VER VOCE JOGAR !!! @Gaules @mch_AGG @VelhoVamp1 #IEM https://t.co/oEXTtnKBp0"
shiro,1587654300993560600,"@escritosheart @kinghenryv_jshm"
shiro,1587654294677119000,"RT @Kirby_JP: ã€ŒNintendo Switch Online + è¿½åŠ ãƒ‘ãƒƒã‚¯ã€åŠ å…¥è€…é™å®šã‚®ãƒ•ãƒˆã¨ã—ã¦ã€æ˜Ÿã®ã‚«ãƒ¼ãƒ“ã‚£64ã€ã®ã‚¢ã‚¤ã‚³ãƒ³ãƒ‘ãƒ¼ãƒ„ãŒç™»å ´ï¼ ã‚«ãƒ¼ãƒ“ã‚£ã•ã‚“ã‚„ä»²é–“ã®ã¿ãªã•ã‚“ã®ãƒ‘ãƒ¼ãƒ„ã§ã€ãªã¤ã‹ã—ã®ãƒ¦ãƒ¼ã‚¶ãƒ¼ã‚¢ã‚¤ã‚³ãƒ³ã‚’ä½œã£ã¡ã‚ƒã„ã¾ã—ã‚‡ã†ï¼ 12æœˆ7æ—¥(æ°´)9:59ã¾ã§â€¦"
shiro,1587654287676563500,"Rlx pessoal o shiro vai tomar widepeek do xertioN (se ele chegar no legends stage) tÃ¡ tudo certo"
shiro,1587654272937853000,"@juliancar378 @Cachorro1337 No primeiro dia de Major o Juanfracoo virou JuanFlatroo, Maluco tava muito bom mesmo! Eâ€¦ https://t.co/wauBctCYbE"
shiro,1587654265698340900,"ã„ã¤ã‚‚æœæ—©ã„ã‘ã©ä»Šæ—¥ã¯ãƒã‚¤ãƒˆ13æ™‚ã‹ã‚‰ãªã®ã¾ã˜ã§åŠ©ã‹ã£ãŸ"
shiro,1587654252427722800,"RT @DanielOchoaH: Las conversaciones nocturnas en estas sillas podÃ­an ser eternas https://t.co/5MxZajHyjy"
shiro,1587654247310659600,"PÃ´, pensando aqui. Eu entendi o lado do fallen de ter birra com coach, mas se eles tivessem alguÃ©m que entendesse oâ€¦ https://t.co/g5GbBlgtBC"
shiro,1587654244559036400,"å…¨æ–‡èª­ã‚“ã  é•·ã‹ã£ãŸã‘ã©ã™ã”ãæ–°ã—ã„è‰¯ã„ä½“é¨“ã—ãŸæ°—åˆ†ï¼ æœ¬ãŒèª­ã‚ãªã„ç†ç”±ã¯å…±æ„Ÿã™ã‚‹ã¨ã“ã‚å¤šãã¦ã€ç‰©èªãŒå«Œã„ãªè¨³ã˜ã‚ƒãªã(ã‚€ã—ã‚å¥½ã)ã€æ–‡ã‚’èª­ã‚“ã§é ­ã§æ§‹ç¯‰ã—ã¦å‘³ã‚ã†ä½œæ¥­ãŒã€äººã‚ˆã‚Šã‚‚ã‹ãªã‚Šæ™‚é–“ã‚’ã‹ã‘ã¦æ¥½ã—ã¿ãŸã„ã®ã‚ˆã­ ç§ã®å ´åˆã¯æœ¬ã‚‚æ¼«â€¦ https://t.co/ZVHjzb0yPa"
shiro,1587654236967301000,"RT @Rikka_Utakata: ä»Šæ—¥è©±é¡Œã«ã‚‚å‡ºã¦ã€é…ä¿¡ãƒªã‚¢ã‚¿ã‚¤å‹¢ã¯çµæ§‹ã‚¢ãƒŠãƒªãƒ†ã‚£ã‚¯ã‚¹ã‚ˆã‚Šå¥³æ€§ãŒå¤šãæ„Ÿã˜ã‚‹ã®ã§ã‚¢ãƒ³ã‚±ï½ï½ï½ï¼ï¼ï¼  æ³¡æ²«å…­èŠ±ã®é…ä¿¡ãƒ»ã‚‚ã—ãã¯ã‚¢ãƒ¼ã‚«ã‚¤ãƒ–ã‚’è¦‹ãŸã“ã¨ãŒã‚ã‚‹æ–¹ã§ã”è‡ªèº«ã¯"
shiro,1587654235440959500,"RT @jf_fernn: à¸ªà¸°à¹€à¸—à¸·à¸­à¸™à¹ƒà¸ˆà¸¡à¸²à¸à¸à¸°à¹„à¸­à¸—à¸µà¹ˆà¸œà¸Šà¸šà¸­à¸à¸§à¹ˆà¸²à¹€à¸¡à¸™à¸ªà¹Œà¸¡à¸²à¹€à¸¢à¸­à¸°à¸‚à¸™à¸²à¸”à¸™à¸±à¹‰à¸™à¹€à¸¥à¸¢à¹€à¸«à¸£à¸­ à¸„à¸·à¸­à¸¡à¸¶à¸‡à¸„à¸° à¸à¸¸à¹€à¸„à¸¢à¸¡à¸²à¹€à¸¢à¸­à¸°à¸ˆà¸™à¹€à¸›à¹‡à¸™à¸¥à¸¡à¹à¸¡à¹ˆà¸«à¸²à¸¡à¸ªà¹ˆà¸‡à¹‚à¸£à¸‡à¸šà¸²à¸¥ à¹„à¸›à¸–à¸¶à¸‡à¹€à¸„à¹‰à¸²à¸‰à¸µà¸”à¸¢à¸²à¹€à¸‚à¹‰à¸²à¹€à¸ªà¹‰à¸™à¹€à¸¥à¸·à¸­à¸”â€¦"
#MasterChefBR,1587654199956971500,"@masterchefbr Momento incrÃ­vel na histÃ³ria do @masterchefbr #MasterChefBR. Marcante e cheio de emoÃ§Ã£oâ€¦ Fair Play que deixarÃ¡ lembranÃ§as."
#MasterChefBR,1587653930665771000,"RT @larialves_: Eu JUREI que o Wilson que ia pra final pelos elogios dos chefes, nÃ£o entendi nada kkkkkkkk #MasterChefBR"
#MasterChefBR,1587654173998436400,"RT @_vickfarias: #MasterChefBR Ã© marcado por incoerÃªncia. Os chefs vÃ¡rios elogios ao prato de Wilson aÃ­ o cara vai e Ã© eliminado. Sendo queâ€¦"
#MasterChefBR,1587653636540227600,"Os dois injusto dessa ediÃ§Ã£o foi Wilson e a Ananda #MasterChefBR"
#MasterChefBR,1587653980175433700,"RT @vaidesmaiar: No pÃ³dio montado pelo pÃºblico vocÃª nunca saiu do primeiro lugar Ananda.  Merecia ir para a final. ParabÃ©ns pela trajetÃ³riaâ€¦"
#MasterChefBR,1587653514746003500,"RT @Dvd_wallace: Wilson mereceu muito mais que o Diego, maior mancada #MasterChefBR"
#MasterChefBR,1587653465588867000,"RT @edsonsousa__: o povo do twitter indo na band reivindicar a saÃ­da INJUSTA do wilson #MasterChefBR   https://t.co/sINVNyj6Fk"
#MasterChefBR,1587653497918480400,"RT @Wesleyrb04: Vazou a campeÃ£ do Masterchef profissionais #MasterChefBR https://t.co/oNBqwcojp8"
#MasterChefBR,1587653378380861400,"RT @danieusan: nÃ£o concordo com a derrota do wilson no #MasterChefBR, estou indo agr fechar a rodovia"
#MasterChefBR,1587653286966055000,"vai ser o duelo da arrogÃ¢ncia essa final viu, vou te contar... #MasterChefBR"
#ProfissaoReporter,1587654303875059700,"RT @lolaferreira: Caco Barcellos simplesmente flagrou uma reuniÃ£o de compra de votos na semana do segundo turno. Entrou na reuniÃ£o filmandoâ€¦"
#ProfissaoReporter,1587654305355636700,"RT @jnascim: VALE VER: No #ProfissÃ£oRepÃ³rter, Caco Barcellos flagra aÃ§Ã£o de compra de votos pela prefeitura de Coronel Sapucaia (MS) com beâ€¦"
#ProfissaoReporter,1587654292378353700,"RT @jnascim: VALE VER: No #ProfissÃ£oRepÃ³rter, Caco Barcellos flagra aÃ§Ã£o de compra de votos pela prefeitura de Coronel Sapucaia (MS) com beâ€¦"
#ProfissaoReporter,1587654290423906300,"RT @jnascim: VALE VER: No #ProfissÃ£oRepÃ³rter, Caco Barcellos flagra aÃ§Ã£o de compra de votos pela prefeitura de Coronel Sapucaia (MS) com beâ€¦"
#ProfissaoReporter,1587654296010739700,"RT @laisolly1: NinguÃ©m, absolutamente ninguÃ©m vota no Bolsonaro pelo o que ele fez. Tudo em prol do agro, religiÃ£o e famÃ­lia. Ã‰ chocante. #â€¦"
#ProfissaoReporter,1587654286904811500,"RT @jnascim: VALE VER: No #ProfissÃ£oRepÃ³rter, Caco Barcellos flagra aÃ§Ã£o de compra de votos pela prefeitura de Coronel Sapucaia (MS) com beâ€¦"
#ProfissaoReporter,1587654284824518700,"RT @jnascim: VALE VER: No #ProfissÃ£oRepÃ³rter, Caco Barcellos flagra aÃ§Ã£o de compra de votos pela prefeitura de Coronel Sapucaia (MS) com beâ€¦"
#ProfissaoReporter,1587654290042196000,"RT @jnascim: VALE VER: No #ProfissÃ£oRepÃ³rter, Caco Barcellos flagra aÃ§Ã£o de compra de votos pela prefeitura de Coronel Sapucaia (MS) com beâ€¦"
#ProfissaoReporter,1587654279279566800,"Agora o Bozo vem e fala eu nÃ£o sabia de nda ,ai ta bom ,seu castigo chegou kkkk #ProfissaoReporter"
#ProfissaoReporter,1587654277643870200,"RT @jnascim: VALE VER: No #ProfissÃ£oRepÃ³rter, Caco Barcellos flagra aÃ§Ã£o de compra de votos pela prefeitura de Coronel Sapucaia (MS) com beâ€¦"